org_code,district,district_type,grade_level,county,enrolled,econ_disadvantaged,percent_white,percent_black,percent_hispanic,meets_expectations_ELA,meets_expectations_math,percent_grads_attending_college,avg_SAT_score,percent_graduating_4_yrs,FTE_teachers_per_100_students,avg_teacher_salary,teacher_retention,dollars_per_student,ch_70_aid_per_student
10000,Abington,Municipal,K12,Plymouth,2056,0.218,0.853,0.036,0.075,0.55,0.48,0.699,1053,0.918,5.943774319,85916.96996,0.944,13461,3862.120059
50000,Agawam,Municipal,K12,Hampden,3747,0.29,0.838,0.022,0.08,0.5,0.53,0.778,1099,0.931,8.50013344,74115.87805,0.946,15911,5133.077657
1630000,Lynn,Municipal,K12,Essex,15751,0.567,0.154,0.092,0.63,0.34,0.3,0.546,990,0.743,7.141159291,76870.40059,0.887,13476,9751.188449
1600000,Lowell,Municipal,K12,Middlesex,14548,0.538,0.264,0.079,0.331,0.36,0.36,0.707,1034,0.796,7.237317844,76090.72612,0.912,14300,9326.216201
1490000,Lawrence,Municipal,K12,Essex,13658,0.633,0.037,0.013,0.934,0.28,0.29,0.555,960,0.719,7.565199883,69533.33116,0.742,14551,12271.48724
2070000,Newton,Municipal,K12,Middlesex,12883,0.087,0.621,0.047,0.076,0.7,0.71,0.808,1263,0.962,8.329503998,82045.37859,0.89,18458,1855.700572
160000,Attleboro,Municipal,K12,Bristol,5946,0.303,0.677,0.063,0.148,0.53,0.47,0.619,1091,0.905,6.38958964,83792.48314,0.938,13296,5985.419902
170000,Auburn,Municipal,K12,Worcester,2628,0.184,0.819,0.018,0.089,0.58,0.51,0.778,1099,0.93,7.03500761,74149.92513,0.957,13268,4435.65491
180000,Avon,Municipal,K12,Norfolk,728,0.295,0.497,0.305,0.089,0.57,0.41,0.917,996,0.878,9.258241758,73678.28947,0.941,15925,3221.754011
200000,Barnstable,Municipal,K12,Barnstable,4791,0.319,0.694,0.078,0.15,0.47,0.44,0.712,1108,0.879,7.256898351,80671.85178,0.845,16111,1928.638869
1000000,Framingham,Municipal,K12,Middlesex,8822,0.33,0.557,0.076,0.274,0.38,0.37,0.689,1121,0.819,7.895080481,90573.28707,0.866,17817,5150.974405
240000,Belchertown,Municipal,K12,Hampshire,2267,0.18,0.884,0.02,0.045,0.46,0.38,0.825,1124,0.936,7.193206881,66879.07096,0.901,13014,5893.705631
250000,Bellingham,Municipal,K12,Norfolk,2223,0.19,0.882,0.019,0.045,0.44,0.41,0.57,1054,0.892,7.51205578,74764.37319,0.88,15018,3679.761803
1280000,Haverhill,Municipal,K12,Essex,8047,0.455,0.545,0.044,0.369,0.36,0.33,0.695,1074,0.805,7.071181807,70927.94989,0.882,13286,6571.048461
1550000,Lexington,Municipal,K12,Middlesex,7259,0.054,0.459,0.04,0.04,0.8,0.81,0.87,1324,0.956,8.477724204,84839.62186,0.905,17760,1946.868958
930000,Everett,Municipal,K12,Middlesex,7107,0.481,0.22,0.164,0.544,0.38,0.34,0.612,985,0.786,6.739046011,82920.01514,0.815,13976,8919.661042
350000,Boston,Municipal,K12,Suffolk,51433,0.565,0.146,0.309,0.421,0.34,0.32,0.661,1016,0.751,8.229794101,101246.8722,0.841,22749,3410.45661
360000,Bourne,Municipal,K12,Barnstable,1935,0.264,0.868,0.015,0.059,0.48,0.39,0.733,1046,0.921,7.511627907,80186.45327,0.882,15645,2529.530422
490000,Cambridge,Municipal,K12,Middlesex,7052,0.286,0.405,0.238,0.137,0.6,0.52,0.723,1120,0.878,9.593803176,88190.71679,0.873,27551,2111.511955
400000,Braintree,Municipal,K12,Norfolk,5842,0.179,0.688,0.048,0.048,0.65,0.59,0.841,1133,0.933,7.1849709,79863.39498,0.926,14819,3137.919162
440000,Brockton,Municipal,K12,Plymouth,16349,0.54,0.177,0.594,0.158,0.26,0.2,0.624,992,0.741,5.920521133,96174.40864,0.898,14297,10000.92002
460000,Brookline,Municipal,K12,Norfolk,7855,0.093,0.539,0.058,0.107,0.75,0.73,0.764,1265,0.928,8.221654997,93594.50231,0.845,19165,1927.802323
1810000,Methuen,Municipal,K12,Essex,6927,0.345,0.479,0.02,0.413,0.45,0.4,0.7,1022,0.887,6.962942111,77777.98072,0.875,12848,6235.838378
1650000,Malden,Municipal,K12,Middlesex,6564,0.435,0.284,0.193,0.247,0.48,0.42,0.69,1052,0.8,7.139000609,84170.79716,0.897,14023,6559.043241
500000,Canton,Municipal,K12,Norfolk,3272,0.131,0.678,0.105,0.051,0.68,0.63,0.858,1150,0.977,7.376253056,83857.13378,0.89,15633,1846.057547
2290000,Peabody,Municipal,K12,Essex,5973,0.303,0.782,0.035,0.146,0.46,0.42,0.71,1067,0.825,7.498325799,78477.47368,0.932,13964,3302.222373
520000,Carver,Municipal,K12,Plymouth,1555,0.219,0.951,0.013,0.015,0.44,0.37,0.848,1134,0.936,8.042829582,72740.35963,0.95,14582,6214.060512
90000,Andover,Municipal,K12,Essex,5957,0.075,0.7,0.022,0.062,0.68,0.64,0.882,1207,0.944,7.905002518,85091.73566,0.904,16876,1825.264772
570000,Chelsea,Municipal,K12,Suffolk,6088,0.625,0.065,0.05,0.866,0.29,0.28,0.591,941,0.59,7.028580815,69505.64182,0.771,13260,10778.47793
610000,Chicopee,Municipal,K12,Hampden,7392,0.522,0.523,0.042,0.382,0.41,0.4,0.599,1072,0.808,7.776663961,72185.20625,0.867,14975,8288.083095
640000,Clinton,Municipal,K12,Worcester,1858,0.361,0.68,0.034,0.25,0.4,0.25,0.66,1033,0.881,8.019806243,66428.08586,0.89,13313,6155.679067
650000,Cohasset,Municipal,K12,Norfolk,1557,0.052,0.918,0.03,0.013,0.73,0.61,0.904,1199,0.979,7.797045601,89738.55454,0.923,16000,1717.302657
100000,Arlington,Municipal,K12,Middlesex,5939,0.075,0.71,0.035,0.062,0.7,0.66,0.822,1204,0.93,7.071779761,75090.47195,0.882,13390,2033.867416
3080000,Waltham,Municipal,K12,Middlesex,5633,0.337,0.419,0.097,0.407,0.48,0.44,0.718,1051,0.823,9.150399432,79208.50019,0.879,20838,2355.593577
720000,Dartmouth,Municipal,K12,Bristol,3618,0.221,0.877,0.014,0.041,0.57,0.51,0.851,1105,0.932,7.381039248,77108.67693,0.892,13008,2703.717308
730000,Dedham,Municipal,K12,Norfolk,2687,0.23,0.696,0.073,0.16,0.5,0.54,0.766,1123,0.889,8.570785262,79564.18863,0.866,19290,1979.309668
770000,Douglas,Municipal,K12,Worcester,1296,0.154,0.914,0.005,0.038,0.61,0.46,0.697,1084,0.926,7.195216049,69467.50774,0.898,13255,6793.438474
820000,Duxbury,Municipal,K12,Plymouth,3015,0.052,0.927,0.003,0.023,0.72,0.66,0.853,1158,0.962,7.287230514,82701.84878,0.88,14937,1749.209124
830000,East Bridgewater,Municipal,K12,Plymouth,2252,0.181,0.912,0.028,0.021,0.56,0.49,0.742,1056,0.946,6.869449378,72485.47219,0.865,12000,4846.67291
860000,Easthampton,Municipal,K12,Hampshire,1545,0.289,0.788,0.011,0.131,0.37,0.36,0.63,1050,0.868,7.481553398,60288.49245,0.923,13581,4649.01049
870000,East Longmeadow,Municipal,K12,Hampden,2624,0.193,0.795,0.035,0.086,0.63,0.53,0.879,1123,0.977,7.146760671,74655.36148,0.913,14341,4157.269671
880000,Easton,Municipal,K12,Bristol,3632,0.129,0.816,0.062,0.055,0.63,0.66,0.884,1144,0.964,7.436674009,77666.41255,0.928,13280,2773.178956
1980000,Natick,Municipal,K12,Middlesex,5540,0.091,0.756,0.027,0.06,0.64,0.64,0.85,1168,0.975,7.50801444,77041.69076,0.887,15331,1777.349172
940000,Fairhaven,Municipal,K12,Bristol,2025,0.281,0.863,0.022,0.055,0.53,0.48,0.777,1125,0.94,7.341185185,71475.68916,0.932,11986,4301.725166
950000,Fall River,Municipal,K12,Bristol,10120,0.671,0.513,0.084,0.275,0.34,0.3,0.512,933,0.711,7.258300395,65613.6086,0.787,14628,10121.74655
960000,Falmouth,Municipal,K12,Barnstable,3351,0.284,0.795,0.048,0.062,0.58,0.53,0.724,1122,0.841,8.613846613,78361.59413,0.895,17560,1949.773918
970000,Fitchburg,Municipal,K12,Worcester,5362,0.609,0.296,0.065,0.518,0.32,0.25,0.43,956,0.764,6.924020888,73235.2093,0.867,13488,9030.124698
990000,Foxborough,Municipal,K12,Norfolk,2553,0.154,0.821,0.048,0.054,0.51,0.63,0.853,1127,0.955,8.03262828,87537.44321,0.93,16640,3376.457078
3260000,Westford,Municipal,K12,Middlesex,5069,0.052,0.666,0.009,0.018,0.74,0.77,0.912,1232,0.98,7.185125271,88694.22143,0.928,14004,3504.146568
1010000,Franklin,Municipal,K12,Norfolk,5198,0.097,0.862,0.019,0.034,0.66,0.63,0.838,1145,0.971,7.512524048,74203.51294,0.888,13495,4972.519099
1030000,Gardner,Municipal,K12,Worcester,2290,0.531,0.669,0.027,0.205,0.26,0.25,0.698,1032,0.825,7.778471616,64720.74102,0.849,13180,7852.390127
560000,Chelmsford,Municipal,K12,Middlesex,4961,0.122,0.728,0.031,0.057,0.67,0.61,0.889,1159,0.929,7.4827051,78670.76724,0.91,13724,2168.658814
2740000,Somerville,Municipal,K12,Middlesex,4909,0.392,0.381,0.099,0.414,0.49,0.45,0.662,1022,0.837,8.569158688,82290.8691,0.871,19236,3851.653657
1100000,Grafton,Municipal,K12,Worcester,3173,0.118,0.783,0.016,0.046,0.64,0.6,0.832,1153,0.968,7.368200441,71230.03182,0.908,12328,3537.371548
1110000,Granby,Municipal,K12,Hampshire,727,0.25,0.86,0.001,0.095,0.48,0.45,0.696,1085,0.933,7.973590096,61016.50877,0.935,13420,6652.936963
1140000,Greenfield,Municipal,K12,Franklin,1732,0.494,0.716,0.025,0.192,0.39,0.3,0.613,1131,0.807,9.078983834,56853.0511,0.865,14531,6177.881732
1170000,Hadley,Municipal,K12,Hampshire,536,0.174,0.78,0.022,0.095,0.56,0.48,0.824,1121,0.914,9.328358209,70355.76815,0.82,15728,1833.688612
1220000,Hanover,Municipal,K12,Plymouth,2645,0.084,0.938,0.009,0.023,0.61,0.58,0.897,1106,0.984,7.648166352,80615.69305,0.904,13967,2742.771023
1250000,Harvard,Municipal,K12,Worcester,1065,0.047,0.796,0.021,0.04,0.75,0.7,0.892,1215,0.982,8.075117371,85199.83452,0.967,16766,2068.508995
1270000,Hatfield,Municipal,K12,Hampshire,436,0.14,0.908,0.005,0.048,0.55,0.56,0.793,1121,0.967,9.41146789,61691.48936,0.848,14400,2451.16129
2110000,North Andover,Municipal,K12,Essex,4769,0.146,0.743,0.032,0.11,0.6,0.6,0.854,1140,0.963,6.35514783,77641.27998,0.892,12122,1860.164432
1310000,Hingham,Municipal,K12,Plymouth,4242,0.047,0.901,0.012,0.031,0.78,0.74,0.874,1203,0.991,6.92154644,87233.48265,0.92,13207,1734.805511
1330000,Holbrook,Municipal,K12,Norfolk,1259,0.315,0.525,0.21,0.134,0.47,0.46,0.662,994,0.771,7.29070691,74409.70992,0.934,14007,5067.478473
310000,Billerica,Municipal,K12,Middlesex,4764,0.156,0.777,0.045,0.066,0.52,0.5,0.763,1111,0.872,7.604219144,83185.06473,0.924,16094,3909.379895
1370000,Holyoke,Municipal,K12,Hampden,5241,0.778,0.138,0.031,0.81,0.16,0.1,0.544,973,0.72,7.381625644,71477.5114,0.672,17143,11309.70411
1380000,Hopedale,Municipal,K12,Worcester,1087,0.109,0.868,0.009,0.057,0.65,0.64,0.811,1138,0.978,8.242870285,72513.5941,0.862,13920,6139.088146
1700000,Marlborough,Municipal,K12,Middlesex,4657,0.349,0.411,0.036,0.49,0.4,0.37,0.67,1054,0.791,8.29289242,77792.57225,0.893,16008,5318.487402
3440000,Winchester,Municipal,K12,Middlesex,4639,0.05,0.72,0.01,0.034,0.79,0.8,0.904,1253,0.935,7.660724294,79244.56026,0.875,13451,1944.788172
1420000,Hull,Municipal,K12,Plymouth,887,0.304,0.931,0.014,0.019,0.55,0.52,0.65,1109,0.853,9.330326945,76650.4779,0.919,20530,4100.880597
260000,Belmont,Municipal,K12,Middlesex,4628,0.071,0.651,0.034,0.042,0.78,0.78,0.827,1236,0.979,6.041356958,90615.8306,0.885,12736,2013.527852
300000,Beverly,Municipal,K12,Essex,4565,0.254,0.772,0.034,0.134,0.56,0.51,0.73,1120,0.876,7.37592552,74434.79939,0.905,13480,1849.88904
1500000,Lee,Municipal,K12,Berkshire,703,0.339,0.848,0.006,0.085,0.51,0.5,0.627,1147,0.811,9.971550498,67772.68798,0.893,18749,3327.888889
1510000,Leicester,Municipal,K12,Worcester,1536,0.257,0.801,0.054,0.089,0.36,0.35,0.73,1054,0.964,7.334309896,72002.41257,0.957,13001,6174.586709
1520000,Lenox,Municipal,K12,Berkshire,756,0.16,0.829,0.004,0.085,0.66,0.66,0.758,1172,1,10.12460317,77651.77972,0.893,19811,2485.583004
1530000,Leominster,Municipal,K12,Worcester,6027,0.386,0.493,0.082,0.349,0.43,0.46,0.697,1074,0.872,7.286925502,76447.09308,0.924,13277,7239.796663
3470000,Woburn,Municipal,K12,Middlesex,4524,0.251,0.71,0.074,0.103,0.52,0.46,0.751,1100,0.899,8.123275862,81497.47523,0.903,16909,1945.329899
1760000,Medford,Municipal,K12,Middlesex,4232,0.289,0.596,0.128,0.127,0.49,0.4,0.794,1086,0.897,9.344376181,71115.12902,0.898,17632,2573.368917
2460000,Reading,Municipal,K12,Middlesex,4210,0.083,0.868,0.025,0.028,0.68,0.63,0.92,1160,0.961,7.549976247,76135.28891,0.927,13193,2627.816777
1590000,Longmeadow,Municipal,K12,Hampden,2874,0.07,0.787,0.024,0.05,0.71,0.69,0.938,1219,0.965,8.605149617,75343.50394,0.922,14496,1841.619398
1780000,Melrose,Municipal,K12,Middlesex,3945,0.105,0.79,0.053,0.049,0.7,0.64,0.871,1117,0.945,6.799771863,65623.71423,0.901,11816,2168.441632
1610000,Ludlow,Municipal,K12,Hampden,2594,0.274,0.835,0.02,0.108,0.36,0.38,0.817,1098,0.897,8.590979183,67942.18722,0.917,15867,5338.401946
1620000,Lunenburg,Municipal,K12,Worcester,1649,0.167,0.861,0.021,0.07,0.5,0.53,0.823,1159,0.939,6.698544572,74235.51694,0.868,13693,4392.815851
2580000,Salem,Municipal,K12,Essex,3718,0.482,0.46,0.067,0.393,0.4,0.34,0.556,963,0.824,9.105513717,94131.71427,0.783,19506,4825.228767
1390000,Hopkinton,Municipal,K12,Middlesex,3685,0.045,0.751,0.007,0.035,0.78,0.78,0.893,1225,0.98,7.092808684,90905.7508,0.912,14537,1937.43796
790000,Dracut,Municipal,K12,Middlesex,3582,0.219,0.753,0.066,0.095,0.51,0.44,0.821,1104,0.888,6.264433277,76066.34065,0.902,11599,5026.625944
1670000,Mansfield,Municipal,K12,Bristol,3784,0.134,0.813,0.036,0.047,0.6,0.59,0.9,1176,0.941,7.990750529,86935.48185,0.954,15676,4780.905378
480000,Burlington,Municipal,K12,Middlesex,3533,0.114,0.664,0.061,0.062,0.52,0.56,0.85,1134,0.947,8.912595528,98474.27472,0.927,19982,1864.206309
3050000,Wakefield,Municipal,K12,Middlesex,3485,0.122,0.832,0.029,0.068,0.54,0.53,0.808,1131,0.949,7.47804878,79963.30821,0.928,14543,1824.223337
1710000,Marshfield,Municipal,K12,Plymouth,4060,0.118,0.935,0.004,0.029,0.69,0.65,0.827,1124,0.971,7.971970443,75522.53969,0.902,13186,3567.199657
1720000,Mashpee,Municipal,K12,Barnstable,1616,0.298,0.739,0.043,0.05,0.52,0.48,0.75,1077,0.922,8.679269802,75554.17261,0.903,17258,2780.591157
710000,Danvers,Municipal,K12,Essex,3481,0.159,0.844,0.023,0.078,0.47,0.42,0.843,1099,0.922,7.689255961,78006.71297,0.91,15332,1944.918215
1750000,Medfield,Municipal,K12,Norfolk,2600,0.05,0.873,0.01,0.039,0.69,0.72,0.921,1206,0.974,7.821576923,87169.8921,0.911,15262,2473.38535
2950000,Tewksbury,Municipal,K12,Middlesex,3402,0.151,0.871,0.034,0.046,0.56,0.52,0.782,1115,0.926,7.67569077,75590.66353,0.913,16111,3805.51223
1770000,Medway,Municipal,K12,Norfolk,2222,0.101,0.893,0.015,0.039,0.66,0.65,0.838,1138,0.956,7.117371737,82776.61509,0.855,13985,4747.429026
3420000,Wilmington,Municipal,K12,Middlesex,3197,0.092,0.857,0.013,0.043,0.58,0.63,0.829,1101,0.967,8.557960588,76487.9553,0.913,15968,3358.508565
1820000,Middleborough,Municipal,K12,Plymouth,2976,0.29,0.886,0.025,0.031,0.47,0.48,0.706,1065,0.96,7.274865591,74134.1436,0.871,14252,5901.358957
1680000,Marblehead,Municipal,K12,Essex,3051,0.094,0.854,0.028,0.069,0.69,0.64,0.848,1193,0.968,8.442412324,77375,0.857,15780,1831.009724
1850000,Milford,Municipal,K12,Worcester,4277,0.332,0.614,0.029,0.284,0.48,0.4,0.719,1091,0.851,7.836076689,80963.80024,0.883,14212,5858.346805
1860000,Millbury,Municipal,K12,Worcester,1692,0.264,0.812,0.028,0.074,0.47,0.44,0.688,1087,0.939,7.724586288,78928.10358,0.883,15745,4181.222348
1870000,Millis,Municipal,K12,Norfolk,1223,0.118,0.846,0.011,0.079,0.61,0.6,0.89,1105,0.947,7.817252657,85841.01742,0.941,14216,4075.558199
1890000,Milton,Municipal,K12,Norfolk,4265,0.089,0.694,0.142,0.044,0.65,0.67,0.871,1169,0.941,7.19852286,82613.28627,0.881,14329,2006.746936
1910000,Monson,Municipal,K12,Hampden,917,0.269,0.915,0.009,0.037,0.5,0.44,0.877,1119,0.844,8.819520174,61103.71257,0.917,16466,8043.891863
1360000,Holliston,Municipal,K12,Middlesex,2889,0.067,0.825,0.01,0.051,0.63,0.6,0.892,1192,0.968,7.371062651,82958.01501,0.921,12980,2834.930268
1970000,Nantucket,Municipal,K12,Nantucket,1670,0.217,0.52,0.104,0.317,0.41,0.31,0.677,1070,0.803,8.814251497,87728.8424,0.88,21938,2194.288628
1070000,Gloucester,Municipal,K12,Essex,2886,0.353,0.83,0.018,0.102,0.47,0.44,0.597,1087,0.863,8.731704782,79685.59732,0.899,16836,2071.206488
1990000,Needham,Municipal,K12,Norfolk,5721,0.053,0.773,0.029,0.058,0.76,0.72,0.861,1226,0.968,7.121692012,95183.77511,0.91,17213,1797.297907
2010000,New Bedford,Municipal,K12,Bristol,12845,0.661,0.398,0.132,0.403,0.33,0.3,0.413,962,0.586,7.23729856,72849.99757,0.836,13977,10566.42387
140000,Ashland,Municipal,K12,Middlesex,2845,0.13,0.671,0.025,0.117,0.63,0.6,0.856,1169,0.946,7.147029877,79627.89189,0.921,13571,2369.612553
3150000,Wayland,Municipal,K12,Middlesex,2695,0.057,0.691,0.051,0.045,0.78,0.76,0.889,1256,0.972,8.018404453,97739.13617,0.909,18107,1755.503589
2090000,North Adams,Municipal,K12,Berkshire,1365,0.574,0.826,0.026,0.064,0.37,0.26,0.534,1014,0.763,9.144322344,63967.98544,0.896,16762,9270.291582
2100000,Northampton,Municipal,K12,Hampshire,2626,0.265,0.698,0.028,0.167,0.53,0.48,0.801,1190,0.93,8.814089871,61432.73002,0.871,14505,2756.103575
230000,Bedford,Municipal,K12,Middlesex,2658,0.087,0.653,0.062,0.058,0.7,0.68,0.826,1226,0.951,8.781000752,89004.21291,0.922,17595,1835.631342
2120000,North Attleborough,Municipal,K12,Bristol,4155,0.166,0.804,0.039,0.047,0.62,0.59,0.863,1126,0.953,6.805583634,76503.85382,0.883,12360,4785.072393
2140000,Northbridge,Municipal,K12,Worcester,2077,0.294,0.852,0.01,0.083,0.48,0.46,0.72,1071,0.914,7.932546943,71804.99494,0.844,14053,6968.583408
2150000,North Brookfield,Municipal,K12,Worcester,570,0.319,0.904,0.007,0.051,0.31,0.26,0.533,1128,0.789,8.018596491,63857.34899,0.891,14987,7015.711002
2180000,Norton,Municipal,K12,Bristol,2438,0.191,0.88,0.02,0.039,0.54,0.48,0.821,1107,0.932,7.372887613,70307.06308,0.891,14050,5053.248811
2190000,Norwell,Municipal,K12,Plymouth,2192,0.038,0.929,0.005,0.016,0.73,0.68,0.923,1165,0.988,7.472354015,84395.74052,0.94,15368,1748.51374
2200000,Norwood,Municipal,K12,Norfolk,3422,0.235,0.65,0.111,0.127,0.49,0.52,0.786,1111,0.935,7.929281122,79554.41906,0.937,15850,1941.408627
2260000,Oxford,Municipal,K12,Worcester,1639,0.325,0.794,0.022,0.118,0.41,0.37,0.621,1003,0.867,7.505552166,69535.57818,0.937,13192,5950.624788
2270000,Palmer,Municipal,K12,Hampden,1335,0.392,0.79,0.031,0.109,0.47,0.33,0.694,1084,0.814,8.5917603,69014.64706,0.807,14582,7391.658736
2620000,Saugus,Municipal,K12,Essex,2609,0.297,0.681,0.049,0.187,0.43,0.46,0.782,1012,0.84,7.774587965,78146.46928,0.921,15702,2104.172074
2310000,Pembroke,Municipal,K12,Plymouth,2797,0.124,0.962,0.006,0.004,0.56,0.6,0.838,1114,0.981,7.137289954,83802.71589,0.913,13559,4659.459683
2360000,Pittsfield,Municipal,K12,Berkshire,5429,0.512,0.638,0.111,0.145,0.34,0.33,0.645,1052,0.806,9.024534905,67934.8651,0.866,15846,7100.246464
2390000,Plymouth,Municipal,K12,Plymouth,7394,0.232,0.87,0.019,0.052,0.52,0.45,0.661,1017,0.919,8.62726535,71764.32466,0.898,17114,3222.918095
2430000,Quincy,Municipal,K12,Norfolk,9436,0.345,0.438,0.069,0.061,0.6,0.54,0.744,1100,0.923,7.469139466,79845.87745,0.927,15478,3006.26534
2440000,Randolph,Municipal,K12,Norfolk,2737,0.446,0.117,0.499,0.15,0.39,0.35,0.729,1026,0.77,9.12605042,79374.85741,0.883,17774,5256.556493
3140000,Watertown,Municipal,K12,Middlesex,2608,0.249,0.649,0.038,0.172,0.52,0.43,0.862,1109,0.913,10.05444785,84380.1,0.901,20422,1983.32696
2480000,Revere,Municipal,K12,Suffolk,7544,0.471,0.343,0.034,0.553,0.46,0.43,0.671,1001,0.795,7.382158006,84031.35562,0.895,13222,8287.536835
2510000,Rockland,Municipal,K12,Plymouth,2228,0.325,0.753,0.053,0.143,0.46,0.4,0.731,1055,0.873,7.768043088,68653.21502,0.872,15568,6041.620614
1410000,Hudson,Municipal,K12,Middlesex,2544,0.208,0.817,0.018,0.118,0.52,0.5,0.795,1123,0.888,8.962578616,76465.06252,0.869,15968,4422.483704
2610000,Sandwich,Municipal,K12,Barnstable,2510,0.159,0.926,0.012,0.023,0.54,0.52,0.82,1100,0.932,7.916095618,83971.777,0.913,17000,2580.886131
2640000,Scituate,Municipal,K12,Plymouth,2991,0.104,0.932,0.026,0.015,0.72,0.64,0.895,1161,0.923,8.023169509,90248.3863,0.903,14973,1904.560538
2650000,Seekonk,Municipal,K12,Bristol,2087,0.138,0.863,0.02,0.05,0.62,0.57,0.827,1107,0.943,7.607570676,80793.38226,0.939,15347,2721.606287
2660000,Sharon,Municipal,K12,Norfolk,3588,0.079,0.558,0.048,0.052,0.73,0.76,0.874,1239,0.973,7.214659978,92007.22785,0.902,16030,2123.853962
2710000,Shrewsbury,Municipal,K12,Worcester,6207,0.105,0.533,0.029,0.082,0.73,0.7,0.854,1188,0.947,6.663766715,78585.46314,0.914,12989,3290.429848
2170000,North Reading,Municipal,K12,Middlesex,2398,0.078,0.889,0.006,0.034,0.69,0.68,0.894,1132,0.982,8.344036697,78597.73287,0.89,15033,2918.63494
2770000,Southbridge,Municipal,K12,Worcester,2004,0.697,0.373,0.02,0.573,0.18,0.15,0.468,947,0.684,7.915818363,73514.47008,0.574,16627,9186.395419
2780000,South Hadley,Municipal,K12,Hampshire,1914,0.249,0.798,0.018,0.137,0.49,0.45,0.723,1155,0.916,7.667189133,70181.44438,0.918,13853,4168.645801
2810000,Springfield,Municipal,K12,Hampden,25297,0.767,0.102,0.189,0.666,0.3,0.24,0.527,876,0.769,7.578341305,71001.02367,0.834,15865,11642.98163
2840000,Stoneham,Municipal,K12,Middlesex,2396,0.161,0.8,0.025,0.085,0.63,0.52,0.849,1093,0.931,8.153171953,73930.70111,0.879,15751,1839.313228
2850000,Stoughton,Municipal,K12,Norfolk,3500,0.285,0.534,0.232,0.117,0.52,0.49,0.789,1058,0.911,8.5154,78911.15424,0.877,14875,4266.560312
2900000,Sutton,Municipal,K12,Worcester,1354,0.104,0.914,0.01,0.022,0.63,0.55,0.824,1109,0.939,7.333530281,75436.58305,0.981,13542,3919.333573
2040000,Newburyport,Municipal,K12,Essex,2232,0.082,0.915,0.01,0.035,0.59,0.53,0.863,1164,0.945,8.488485663,79616.74953,0.912,16165,1712.954393
2920000,Swansea,Municipal,K12,Bristol,2084,0.193,0.943,0.008,0.023,0.51,0.47,0.759,1074,0.95,7.466602687,68331.08134,0.944,13462,3885.265836
2930000,Taunton,Municipal,K12,Bristol,8003,0.434,0.639,0.166,0.125,0.39,0.35,0.662,996,0.894,6.557003624,79065.61895,0.921,13381,7441.44253
2910000,Swampscott,Municipal,K12,Essex,2212,0.149,0.802,0.033,0.111,0.65,0.56,0.855,1156,0.94,8.351265823,76933.85624,0.878,16005,1760.142992
1640000,Lynnfield,Municipal,K12,Essex,2201,0.072,0.842,0.017,0.053,0.71,0.76,0.924,1150,0.969,7.153384825,86133.06595,0.924,16045,1954.351802
3300000,Weston,Municipal,K12,Middlesex,2103,0.052,0.649,0.063,0.061,0.81,0.77,0.832,1279,0.98,8.36295768,101652.2891,0.876,24507,1776.334921
3040000,Uxbridge,Municipal,K12,Worcester,1722,0.189,0.9,0.015,0.046,0.49,0.45,0.691,1081,0.843,7.549941928,86972.40402,0.911,15071,5275.606521
3070000,Walpole,Municipal,K12,Norfolk,3753,0.097,0.819,0.034,0.054,0.66,0.65,0.871,1138,0.955,7.782041034,76548.07564,0.927,14919,2163.210343
70000,Amesbury,Municipal,K12,Essex,2058,0.23,0.85,0.018,0.078,0.47,0.43,0.81,1135,0.831,8.301506317,89167.31529,0.919,15747,4152.651046
3090000,Ware,Municipal,K12,Hampshire,1189,0.511,0.879,0.017,0.057,0.4,0.27,0.582,1074,0.729,7.737594617,63663.78022,0.87,14648,7330.711009
3100000,Wareham,Municipal,K12,Plymouth,2126,0.508,0.699,0.086,0.08,0.37,0.3,0.493,1061,0.794,8.368485419,74430.58289,0.828,17115,5206.909233
3160000,Webster,Municipal,K12,Worcester,1831,0.529,0.582,0.054,0.272,0.32,0.19,0.682,1034,0.677,7.561441835,69762.75032,0.885,14724,6335.892323
3170000,Wellesley,Municipal,K12,Norfolk,4963,0.056,0.702,0.037,0.051,0.79,0.75,0.856,1253,0.971,7.940076567,95371.4014,0.903,19101,1780.730762
3210000,Westborough,Municipal,K12,Worcester,3925,0.082,0.544,0.019,0.065,0.75,0.73,0.866,1203,0.971,8.34277707,79095.58804,0.906,14912,2121.092025
3220000,West Boylston,Municipal,K12,Worcester,890,0.202,0.8,0.03,0.108,0.57,0.57,0.78,1122,0.881,9.292134831,75982.26859,0.849,15469,3535.152761
3230000,West Bridgewater,Municipal,K12,Plymouth,1352,0.156,0.863,0.047,0.033,0.58,0.47,0.783,1088,0.989,6.598742604,77724.02128,0.879,13239,3502.283412
3250000,Westfield,Municipal,K12,Hampden,5327,0.377,0.764,0.023,0.154,0.51,0.47,0.638,1076,0.878,7.910080721,70377.07896,0.885,14057,6425.589084
1440000,Ipswich,Municipal,K12,Essex,1708,0.137,0.874,0.012,0.055,0.69,0.63,0.829,1167,0.943,9.010070258,73666.38476,0.898,16752,1923.939039
3310000,Westport,Municipal,K12,Bristol,1438,0.241,0.912,0.003,0.035,0.53,0.55,0.769,1096,0.895,7.719749652,75011.97136,0.917,15219,3046.337382
3320000,West Springfield,Municipal,K12,Hampden,4113,0.445,0.663,0.035,0.192,0.48,0.48,0.677,1098,0.894,7.938293217,65881.95196,0.887,13066,6836.098636
3350000,Westwood,Municipal,K12,Norfolk,3084,0.048,0.795,0.022,0.037,0.75,0.71,0.915,1207,0.988,7.861446174,96413.15495,0.895,18303,1771.64741
3360000,Weymouth,Municipal,K12,Norfolk,5857,0.286,0.734,0.067,0.093,0.5,0.42,0.671,1067,0.862,7.322110295,80699.94256,0.886,15384,4647.030428
1580000,Littleton,Municipal,K12,Middlesex,1653,0.069,0.848,0.009,0.018,0.68,0.61,0.887,1173,0.974,7.559951603,77441.02226,0.895,13647,2491.602996
3430000,Winchendon,Municipal,K12,Worcester,1265,0.409,0.85,0.015,0.073,0.3,0.25,0.46,1041,0.707,6.983636364,76086.45964,0.876,13599,8196.156049
3010000,Tyngsborough,Municipal,K12,Middlesex,1640,0.118,0.815,0.037,0.046,0.54,0.51,0.85,1127,0.969,7.701341463,82607.74504,0.91,14580,4577.745025
3460000,Winthrop,Municipal,K12,Suffolk,1983,0.243,0.805,0.014,0.156,0.56,0.52,0.79,1064,0.832,7.327937468,79450.16048,0.813,13010,3490.747903
3480000,Worcester,Municipal,K12,Worcester,25415,0.579,0.296,0.163,0.429,0.35,0.29,0.598,937,0.835,7.321416486,80586.56457,0.872,14142,9170.685053
1050000,Georgetown,Municipal,K12,Essex,1404,0.088,0.941,0.006,0.021,0.6,0.53,0.843,1153,0.964,6.91025641,81688.49503,0.902,13761,4117.290323
1740000,Maynard,Municipal,K12,Middlesex,1350,0.177,0.787,0.026,0.119,0.45,0.4,0.833,1120,0.909,7.508814815,83703.04132,0.888,16228,3825.793909
2520000,Rockport,Municipal,K12,Essex,888,0.194,0.954,0.01,0.017,0.55,0.46,0.739,1118,0.957,10.36036036,77008.93785,0.815,18387,2156.850073
6000000,Acton-Boxborough,Regional,K12,Middlesex,5571,0.062,0.546,0.024,0.052,0.73,0.72,0.9,1325,0.961,6.822222222,84821.8649,0.891,14382,2763.510118
7350000,North Middlesex,Regional,K12,Middlesex,3070,0.173,0.89,0.016,0.043,0.59,0.53,0.75,1114,0.937,7.965798046,69995.12467,0.902,15156,6419.542378
7450000,Pentucket,Regional,K12,Essex,2437,0.12,0.915,0.005,0.046,0.49,0.38,0.869,1150,0.947,8.201436192,77441.55658,0.898,14782,5525.196797
7730000,Triton,Regional,K12,Essex,2421,0.203,0.922,0.01,0.031,0.53,0.45,0.814,1109,0.908,8.232961586,77669.39061,0.932,16420,3636.083925
6730000,Groton-Dunstable,Regional,K12,Middlesex,2400,0.071,0.871,0.011,0.024,0.62,0.66,0.91,1200,0.981,7.574458333,79345.58508,0.922,14990,4571.994522
6750000,Hamilton-Wenham,Regional,K12,Essex,1769,0.071,0.893,0.005,0.042,0.72,0.63,0.863,1192,0.929,8.459977388,81050.97128,0.921,16957,2069.992081
6160000,Ayer Shirley,Regional,K12,Middlesex,1712,0.249,0.759,0.04,0.105,0.46,0.39,0.802,1122,0.914,8.075350467,63016.99158,0.879,14261,4746.444764
6030000,Adams-Cheshire,Regional,K12,Berkshire,1161,0.494,0.898,0.038,0.029,0.4,0.24,0.663,1040,0.88,6.850904393,82425.73759,0.851,15722,7647.163084
6100000,Ashburnham-Westminster,Regional,K12,Worcester,2354,0.158,0.91,0.006,0.048,0.53,0.49,0.857,1113,0.956,6.785386576,69127.20409,0.94,12389,4982.053982
6150000,Athol-Royalston,Regional,K12,Worcester,1453,0.487,0.846,0.014,0.092,0.36,0.33,0.529,994,0.752,7.322849277,64603.77114,0.773,14438,9995.155351
6180000,Berkshire Hills,Regional,K12,Berkshire,1203,0.29,0.813,0.017,0.087,0.47,0.38,0.705,1150,0.898,9.217871987,73632.32704,0.903,20978,2756.968661
6220000,Blackstone-Millville,Regional,K12,Worcester,1699,0.22,0.871,0.011,0.069,0.44,0.41,0.648,1075,0.87,7.074161271,68954.18345,0.855,13509,6229.583476
6250000,Bridgewater-Raynham,Regional,K12,Bristol,5375,0.161,0.87,0.052,0.011,0.57,0.58,0.778,1122,0.94,6.105972093,88305.06975,0.933,12832,3959.343808
6350000,Central Berkshire,Regional,K12,Berkshire,1579,0.305,0.911,0.006,0.039,0.4,0.39,0.744,1103,0.927,7.707409753,73631.72138,0.922,16519,5420.00559
6450000,Dennis-Yarmouth,Regional,K12,Barnstable,3025,0.399,0.671,0.094,0.125,0.36,0.38,0.723,1037,0.817,8.907933884,74672.66363,0.893,16761,2112.672146
6500000,Dighton-Rehoboth,Regional,K12,Bristol,2902,0.158,0.896,0.011,0.045,0.54,0.49,0.75,1088,0.907,7.901102688,72298.72583,0.906,14104,4450.216459
6580000,Dudley-Charlton,Regional,K12,Worcester,3800,0.21,0.857,0.016,0.084,0.54,0.48,0.781,1120,0.909,6.949973684,70593.67747,0.912,11920,6474.95166
6650000,Freetown-Lakeville,Regional,K12,Bristol,2801,0.172,0.938,0.014,0.017,0.55,0.57,0.803,1124,0.928,7.026062121,75615.93486,0.933,12843,3887.852152
6720000,Gateway,Regional,K12,Hampshire,825,0.31,0.918,0.008,0.042,0.47,0.4,0.561,1084,0.83,9.84230303,61873.69565,0.963,18040,6497
6740000,Gill-Montague,Regional,K12,Franklin,935,0.474,0.797,0.013,0.114,0.35,0.23,0.667,1042,0.818,9.454652406,61784.71597,0.826,18192,5657.856233
6800000,Hampden-Wilbraham,Regional,K12,Hampden,3057,0.15,0.842,0.025,0.071,0.59,0.51,0.801,1138,0.957,7.053680079,78732.9251,0.895,14946,3987.658915
7100000,Mendon-Upton,Regional,K12,Worcester,2302,0.091,0.905,0.005,0.043,0.57,0.53,0.801,1125,0.929,6.93570808,80687.6806,0.909,15324,5693.207356
7120000,Monomoy,Regional,K12,Barnstable,1891,0.253,0.784,0.066,0.072,0.55,0.5,0.784,1134,0.854,9.378106822,75183.7326,0.918,18520,1892.600107
7150000,Mount Greylock,Regional,K12,Berkshire,1196,0.179,0.898,0.012,0.036,0.75,0.64,0.763,1211,0.94,8.684782609,79387.8022,0.84,19306,3288.111111
7170000,Mohawk Trail,Regional,K12,Franklin,904,0.346,0.915,0.004,0.045,0.47,0.39,0.603,1049,0.821,9.610066372,76502.05365,0.817,19880,6567.53159
7200000,Narragansett,Regional,K12,Worcester,1426,0.285,0.891,0.013,0.06,0.41,0.38,0.618,1116,0.861,7.025385694,72941.96923,0.939,12651,7654.628571
7250000,Nashoba,Regional,K12,Worcester,3228,0.078,0.876,0.013,0.048,0.73,0.72,0.819,1190,0.951,8.091109046,80165.39831,0.91,16171,2209.629899
7500000,Pioneer Valley,Regional,K12,Franklin,743,0.217,0.935,0.004,0.019,0.5,0.46,0.726,1075,0.939,8.209152086,62452.12189,0.747,18691,5911.596866
7530000,Quabbin,Regional,K12,Worcester,2118,0.233,0.915,0.008,0.048,0.48,0.46,0.677,1075,0.833,6.544995279,70956.26868,0.845,15121,8005.510618
7650000,Southern Berkshire,Regional,K12,Berkshire,688,0.347,0.862,0.009,0.071,0.49,0.41,0.581,1185,0.857,10.30305233,66600.74005,0.846,24135,3053.96118
7660000,Southwick-Tolland-Granville,Regional,K12,Hampden,1511,0.228,0.906,0.018,0.044,0.45,0.38,0.764,1084,0.937,8.523560556,66809.15229,0.926,14397,6751.830579
7670000,Spencer-E Brookfield,Regional,K12,Worcester,1379,0.351,0.807,0.02,0.133,0.41,0.36,0.542,1068,0.817,8.186439449,65023.04425,0.885,15781,8704.485969
7750000,Wachusett,Regional,K12,Worcester,7103,0.103,0.872,0.022,0.054,0.67,0.64,0.832,1137,0.96,6.499943686,74635.94228,0.929,12280,3981.485842
7780000,Quaboag,Regional,K12,Worcester,1303,0.357,0.885,0.008,0.068,0.44,0.45,0.63,1116,0.885,7.758250192,65396.06526,0.849,13772,7428.526059
7800000,Whitman-Hanson,Regional,K12,Plymouth,3822,0.202,0.883,0.024,0.047,0.52,0.44,0.768,1067,0.936,6.296572475,82499.78552,0.895,12740,6523.528167
7050000,Masconomet,Regional,Secondary,Essex,1785,0.056,0.91,0.004,0.025,0.71,0.72,0.841,1170,0.951,7.353109244,93705.02595,0.934,17420,2787.810943
6050000,Amherst-Pelham,Regional,Secondary,Hampshire,1340,0.246,0.579,0.075,0.167,0.57,0.54,0.795,1201,0.906,8.49261194,84609.53631,0.875,21864,6643.047453
6200000,Berlin-Boylston,Regional,Secondary,Worcester,583,0.122,0.878,0.024,0.034,0.53,0.54,0.797,1152,0.975,8.192795883,58749.70431,0.936,14169,2033.414105
6550000,Dover-Sherborn,Regional,Secondary,Norfolk,1196,0.038,0.801,0.029,0.04,0.82,0.75,0.877,1252,0.982,8.931605351,94330.81681,0.947,20574,1784.784137
6600000,Nauset,Regional,Secondary,Barnstable,1508,0.186,0.843,0.05,0.045,0.61,0.57,0.84,1144,0.896,9.145755968,84749.73665,0.942,20133,3035.886087
6700000,Frontier,Regional,Secondary,Franklin,647,0.178,0.884,0.014,0.042,0.4,0.48,0.889,1124,0.93,8.102009274,41690.62136,0.895,8534,5014.531802
6830000,Hampshire,Regional,Secondary,Hampshire,719,0.147,0.933,0.006,0.028,0.53,0.44,0.738,1164,0.912,10.01835883,69525.67715,0.96,18708,4774.894273
6900000,King Philip,Regional,Secondary,Norfolk,2024,0.088,0.909,0.019,0.03,0.64,0.59,0.859,1131,0.953,6.436264822,75771.33352,0.881,13986,3515.088702
7400000,Old Rochester,Regional,Secondary,Plymouth,1212,0.12,0.906,0.019,0.021,0.66,0.66,0.853,1131,0.946,7.425742574,83436.96318,0.914,15565,2610.714657
7550000,Ralph C Mahar,Regional,Secondary,Franklin,731,0.38,0.826,0.023,0.093,0.4,0.43,0.722,1097,0.83,7.852257182,65555.22727,0.844,15818,8620.748408
7600000,Silver Lake,Regional,Secondary,Plymouth,1755,0.159,0.947,0.015,0.018,0.61,0.63,0.739,1143,0.957,7.96980057,84465.59993,0.93,15532,4482.840747
7700000,Tantasqua,Regional,Secondary,Worcester,1812,0.194,0.902,0.007,0.052,0.41,0.56,0.639,1154,0.976,7.68013245,78955.6032,0.915,14617,5509.832702
