Org_Code,District,District_Type,Grade_Level,Single_School_District,County,Enrolled,Econ_disadv,Students_with_disabilities,English_learners,Five_Yr_change_in_enroll,Ten_Yr_change_in_enroll,Student_mobility,Choice_in_percent_of_enrolled,ELA_meet_exceed_expectations,Math_meet_exceed_expectations,ELA_student_growth_percentile,Math_student_growth_percentile,FTE_tchrs_per_100_students,Av_tchr_salary,Teacher_retention,Funds_per_indistrict_pupil,Foundation_enroll,Above_Below_req_net_school_spending,Combined_effort_yield_as_percent_of_foundation_budget,Ch_70_aid_per_pupil
00010000,Abington,Municipal,K12,,Plymouth,"2056",21.8,15.9,5.0,5.2,-10.3,7.3,0.2,55.0,48.0,50.2,47.3,5.9,"85,917",94.4,"13,461","3957",125.62,65,"3862"
00030000,Acushnet,Municipal,Elementary,,Bristol,"1004",24.9,14.2,0.8,1.2,-2.4,6.0,0.0,52.0,51.0,48.6,58.1,7.5,"76,860",88.7,"12,711","5195",105.25,58,"5153"
00050000,Agawam,Municipal,K12,,Hampden,"3747",29.0,16.5,5.0,-8.8,-13.8,6.9,2.2,50.0,53.0,46.8,48.0,8.5,"74,116",94.6,"15,911","5026",135.02,54,"5133"
01630000,Lynn,Municipal,K12,,Essex,"15751",56.7,16.5,25.0,9.5,18.7,15.1,0.0,34.0,30.0,47.2,47.0,7.1,"76,870",88.7,"13,476","9318",99.19,24,"9751"
00080000,Amherst,Municipal,Elementary,,Hampshire,"1131",31.7,20.8,15.9,-6.5,-18.2,12.0,8.0,50.0,47.0,47.1,49.6,10.7,"76,477",87.0,"21,981","5330",159.84,74,"5505"
01600000,Lowell,Municipal,K12,,Middlesex,"14548",53.8,17.3,23.7,3.7,8.6,14.6,0.1,36.0,36.0,46.1,48.8,7.2,"76,091",91.2,"14,300","8990",104.41,26,"9326"
01490000,Lawrence,Municipal,K12,,Essex,"13658",63.3,19.2,35.9,1.1,11.8,21.9,0.0,28.0,29.0,46.6,45.1,7.6,"69,533",74.2,"14,551","11795",101.62,13,"12271"
02070000,Newton,Municipal,K12,,Middlesex,"12883",8.7,18.7,6.5,2.2,10.1,5.2,0.0,70.0,71.0,53.4,57.4,8.3,"82,045",89.0,"18,458","1773",169.83,183,"1856"
00160000,Attleboro,Municipal,K12,,Bristol,"5946",30.3,16.6,5.9,1.4,0.2,10.2,0.0,53.0,47.0,50.3,48.5,6.4,"83,792",93.8,"13,296","5735",103.83,49,"5985"
00170000,Auburn,Municipal,K12,,Worcester,"2628",18.4,9.8,3.3,11.9,11.3,6.1,3.1,58.0,51.0,43.2,47.6,7.0,"74,150",95.7,"13,268","4146",128.98,58,"4436"
00180000,Avon,Municipal,K12,,Norfolk,728,29.5,15.6,3.0,-1.6,-2.8,9.0,23.9,57.0,41.0,48.4,48.3,9.3,"73,678",94.1,"15,925","2659",182.11,75,"3222"
00200000,Barnstable,Municipal,K12,,Barnstable,"4791",31.9,16.9,10.1,-2.2,10.0,11.7,1.8,47.0,44.0,45.0,46.9,7.3,"80,672",84.5,"16,111","1829",127.15,117,"1929"
01000000,Framingham,Municipal,K12,,Middlesex,"8822",33.0,22.9,22.4,6.5,8.2,12.4,0.0,38.0,37.0,48.2,51.4,7.9,"90,573",86.6,"17,817","4675",147.21,61,"5151"
00240000,Belchertown,Municipal,K12,,Hampshire,"2267",18.0,19.1,0.9,-6.2,-14.6,5.9,5.5,46.0,38.0,44.3,46.3,7.2,"66,879",90.1,"13,014","5790",113.10,48,"5894"
00250000,Bellingham,Municipal,K12,,Norfolk,"2223",19.0,19.3,1.6,-7.5,-16.8,6.9,2.3,44.0,41.0,44.7,45.9,7.5,"74,764",88.0,"15,018","3647",127.34,67,"3680"
01280000,Haverhill,Municipal,K12,,Essex,"8047",45.5,22.9,9.5,12.6,17.6,14.4,0.4,36.0,33.0,46.3,48.6,7.1,"70,928",88.2,"13,286","6319",103.96,43,"6571"
00270000,Berkley,Municipal,Elementary,,Bristol,888,17.2,14.0,0.9,1.7,-6.6,3.0,10.2,55.0,50.0,51.3,47.6,6.8,"76,647",91.4,"11,372","5048",112.99,50,"5144"
00280000,Berlin,Municipal,Elementary,Single,Worcester,183,15.3,12.5,3.3,-10.3,-23.4,6.8,8.2,60.0,65.0,42.3,47.6,10.4,"86,327",85.7,"21,307","2839",194.44,108,"2887"
01550000,Lexington,Municipal,K12,,Middlesex,"7259",5.4,14.1,8.8,9.8,16.4,4.8,0.0,80.0,81.0,61.4,59.9,8.5,"84,840",90.5,"17,760","1964",169.73,117,"1947"
00930000,Everett,Municipal,K12,,Middlesex,"7107",48.1,17.8,25.0,2.9,26.6,19.0,0.0,38.0,34.0,48.4,47.5,6.7,"82,920",81.5,"13,976","8599",104.10,31,"8920"
00350000,Boston,Municipal,K12,,Suffolk,"51,433",56.5,20.3,32.1,-5.3,-8.0,21.0,0.0,34.0,32.0,49.3,47.3,8.2,"101,247",84.1,"22,749","3376",119.17,112,"3410"
00360000,Bourne,Municipal,K12,,Barnstable,"1935",26.4,17.3,0.7,-5.4,-20.8,9.0,8.8,48.0,39.0,49.7,46.9,7.5,"80,186",88.2,"15,645","2571",128.11,108,"2530"
00490000,Cambridge,Municipal,K12,,Middlesex,"7052",28.6,22.1,8.0,10.9,22.2,10.8,0.0,60.0,52.0,55.6,52.0,9.6,"88,191",87.3,"27,551","2022",233.10,277,"2112"
00390000,Boylston,Municipal,Elementary,Single,Worcester,298,8.4,14.7,3.0,-5.4,-21.6,7.1,5.7,74.0,63.0,48.1,49.2,7.7,"79,150",95.5,"13,021","1723",133.62,100,"2098"
00400000,Braintree,Municipal,K12,,Norfolk,"5842",17.9,20.2,5.8,3.5,9.2,6.0,0.0,65.0,59.0,50.1,51.4,7.2,"79,863",92.6,"14,819","3035",127.39,70,"3138"
00410000,Brewster,Municipal,Elementary,,Barnstable,478,22.6,19.7,2.7,0.2,-5.7,6.0,0.0,59.0,59.0,42.1,41.6,9.0,"78,712",78.7,"20,515","2007",184.42,156,"2105"
00430000,Brimfield,Municipal,Elementary,Single,Hampden,293,20.5,16.9,0.0,-4.6,-15.8,9.4,0.0,64.0,69.0,49.3,62.0,8.7,"75,454",88.9,"14,304","4595",140.39,57,"4694"
00440000,Brockton,Municipal,K12,,Plymouth,"16349",54.0,16.0,25.4,-3.9,6.8,15.1,0.1,26.0,20.0,46.5,44.5,5.9,"96,174",89.8,"14,297","9590",102.31,22,"10001"
00450000,Brookfield,Municipal,Elementary,Single,Worcester,316,30.4,13.9,0.0,0.0,6.8,7.4,15.2,57.0,57.0,46.5,61.1,7.2,"68,397",92.3,"12,422","6096",128.91,43,"5900"
00460000,Brookline,Municipal,K12,,Norfolk,"7855",9.3,15.8,11.0,7.8,24.3,8.8,0.0,75.0,73.0,63.1,60.4,8.2,"93,595",84.5,"19,165","1754",170.87,186,"1928"
01810000,Methuen,Municipal,K12,,Essex,"6927",34.5,18.6,9.4,-0.1,-6.2,10.8,0.0,45.0,40.0,49.5,44.4,7.0,"77,778",87.5,"12,848","5976",107.00,46,"6236"
01650000,Malden,Municipal,K12,,Middlesex,"6564",43.5,16.8,19.9,0.4,2.3,18.5,0.0,48.0,42.0,55.5,53.3,7.1,"84,171",89.7,"14,023","6518",104.23,48,"6559"
00500000,Canton,Municipal,K12,,Norfolk,"3272",13.1,11.5,2.4,0.8,5.7,4.2,0.0,68.0,63.0,54.7,53.4,7.4,"83,857",89.0,"15,633","1805",147.65,98,"1846"
02290000,Peabody,Municipal,K12,,Essex,"5973",30.3,19.7,8.9,-2.8,-4.4,9.5,1.9,46.0,42.0,44.0,48.2,7.5,"78,477",93.2,"13,964","3267",115.12,71,"3302"
00520000,Carver,Municipal,K12,,Plymouth,"1555",21.9,19.1,1.3,-9.0,-18.5,7.3,1.9,44.0,37.0,44.7,45.7,8.0,"72,740",95.0,"14,582","6004",119.02,50,"6214"
00090000,Andover,Municipal,K12,,Essex,"5957",7.5,19.9,3.8,-2.5,-2.7,4.5,0.0,68.0,64.0,53.2,56.7,7.9,"85,092",90.4,"16,876","1703",151.14,111,"1825"
00570000,Chelsea,Municipal,K12,,Suffolk,"6088",62.5,16.1,37.8,-0.5,8.7,16.5,0.0,29.0,28.0,50.5,43.5,7.0,"69,506",77.1,"13,260","10235",103.23,21,"10778"
00610000,Chicopee,Municipal,K12,,Hampden,"7392",52.2,18.4,6.0,-5.0,-4.9,13.6,2.4,41.0,40.0,43.7,43.9,7.8,"72,185",86.7,"14,975","8038",105.07,32,"8288"
00630000,Clarksburg,Municipal,Elementary,Single,Berkshire,185,30.8,23.5,0.0,3.9,-6.6,3.6,31.1,48.0,34.0,56.8,36.1,8.8,"59,429",77.8,"13,263","9937",111.06,35,"9202"
00640000,Clinton,Municipal,K12,,Worcester,"1858",36.1,21.2,9.5,-2.5,-8.2,9.5,4.4,40.0,25.0,48.3,43.3,8.0,"66,428",89.0,"13,313","6026",114.65,44,"6156"
00650000,Cohasset,Municipal,K12,,Norfolk,"1557",5.2,13.5,0.2,-4.6,6.2,1.4,0.0,73.0,61.0,52.0,45.7,7.8,"89,739",92.3,"16,000","1669",147.64,156,"1717"
00100000,Arlington,Municipal,K12,,Middlesex,"5939",7.5,15.5,4.3,18.3,27.6,5.9,0.0,70.0,66.0,53.4,54.2,7.1,"75,090",88.2,"13,390","1994",132.62,118,"2034"
00680000,Conway,Municipal,Elementary,Single,Franklin,135,24.4,16.3,0.0,-21.5,-20.1,6.3,26.7,76.0,72.0,49.6,44.4,9.2,"62,751",94.1,"19,113","5307",137.99,79,"6239"
03080000,Waltham,Municipal,K12,,Middlesex,"5633",33.7,15.5,22.7,9.3,18.6,12.0,0.0,48.0,44.0,52.1,55.0,9.2,"79,209",87.9,"20,838","2188",165.66,103,"2356"
00720000,Dartmouth,Municipal,K12,,Bristol,"3618",22.1,15.3,2.3,-2.1,-11.6,6.4,2.4,57.0,51.0,58.3,54.9,7.4,"77,109",89.2,"13,008","2669",111.23,84,"2704"
00730000,Dedham,Municipal,K12,,Norfolk,"2687",23.0,23.2,7.3,-4.6,-6.0,8.1,0.0,50.0,54.0,41.6,51.6,8.6,"79,564",86.6,"19,290","1763",169.51,122,"1979"
00740000,Deerfield,Municipal,Elementary,Single,Franklin,392,19.4,20.7,1.3,-11.5,-19.0,9.7,18.1,54.0,47.0,55.8,58.2,9.4,"60,225",95.0,"14,488","3330",139.66,85,"3530"
00770000,Douglas,Municipal,K12,,Worcester,"1296",15.4,18.2,0.5,-18.8,-26.3,6.1,9.5,61.0,46.0,54.3,54.6,7.2,"69,468",89.8,"13,255","6539",102.07,52,"6793"
00780000,Dover,Municipal,Elementary,Single,Norfolk,499,2.0,13.1,3.2,-1.0,-13.8,3.2,0.0,83.0,83.0,68.0,65.8,8.2,"89,268",88.6,"19,628","1583",239.57,276,"1664"
06000000,Acton-Boxborough,Regional,K12,,Middlesex,"5571",6.2,16.0,4.1,92.8,88.3,3.8,0.4,73.0,72.0,58.9,58.7,6.8,"84,822",89.1,"14,382","2730",133.66,82,"2764"
00820000,Duxbury,Municipal,K12,,Plymouth,"3015",5.2,15.3,0.3,-7.1,-10.5,2.7,0.0,72.0,66.0,57.6,53.1,7.3,"82,702",88.0,"14,937","1692",130.95,111,"1749"
00830000,East Bridgewater,Municipal,K12,,Plymouth,"2252",18.1,19.1,0.8,-2.0,-7.1,4.1,2.0,56.0,49.0,49.3,43.5,6.9,"72,485",86.5,"12,000","4897",110.28,54,"4847"
00850000,Eastham,Municipal,Elementary,Single,Barnstable,171,26.9,20.5,4.7,-19.3,-23.7,10.1,0.0,77.0,69.0,49.1,53.7,12.1,"80,201",80.0,"26,411","1938",231.97,269,"2080"
00860000,Easthampton,Municipal,K12,,Hampshire,"1545",28.9,20.6,2.9,-1.0,-6.4,7.2,8.5,37.0,36.0,46.0,45.3,7.5,"60,288",92.3,"13,581","4476",100.99,63,"4649"
00870000,East Longmeadow,Municipal,K12,,Hampden,"2624",19.3,18.4,2.0,-2.8,-8.2,3.9,0.0,63.0,53.0,53.5,48.2,7.1,"74,655",91.3,"14,341","3958",134.78,60,"4157"
00880000,Easton,Municipal,K12,,Bristol,"3632",12.9,18.3,1.8,-6.1,-7.6,4.6,0.0,63.0,66.0,54.9,55.0,7.4,"77,666",92.8,"13,280","2723",124.21,76,"2773"
00890000,Edgartown,Municipal,Elementary,Single,Dukes,370,28.9,22.7,21.6,3.9,11.4,13.6,1.9,55.0,47.0,54.3,64.6,10.4,"93,576",83.0,"29,748","1715",257.86,485,"1976"
00910000,Erving,Municipal,Elementary,Single,Franklin,128,25.8,17.8,1.6,-15.2,-33.0,4.8,0.0,42.0,28.0,51.1,46.3,12.7,"73,866",85.0,"29,049","2026",213.05,133,"1987"
01980000,Natick,Municipal,K12,,Middlesex,"5540",9.1,14.2,3.6,4.8,17.3,6.0,0.8,64.0,64.0,52.9,57.5,7.5,"77,042",88.7,"15,331","1698",138.06,102,"1777"
00940000,Fairhaven,Municipal,K12,,Bristol,"2025",28.1,16.3,1.6,3.0,0.0,7.9,0.0,53.0,48.0,49.9,58.3,7.3,"71,476",93.2,"11,986","4209",102.82,61,"4302"
00950000,Fall River,Municipal,K12,,Bristol,"10120",67.1,21.2,16.4,-1.9,1.4,18.3,0.4,34.0,30.0,46.6,43.0,7.3,"65,614",78.7,"14,628","9641",101.03,25,"10122"
00960000,Falmouth,Municipal,K12,,Barnstable,"3351",28.4,17.3,3.4,-5.4,-11.1,8.6,4.5,58.0,53.0,50.6,58.0,8.6,"78,362",89.5,"17,560","1775",150.44,153,"1950"
00970000,Fitchburg,Municipal,K12,,Worcester,"5362",60.9,24.2,15.6,7.0,4.0,20.3,3.6,32.0,25.0,42.8,39.0,6.9,"73,235",86.7,"13,488","8655",100.74,25,"9030"
00980000,Florida,Municipal,Elementary,Single,Berkshire,87,27.6,29.9,0.0,-8.4,-22.3,9.4,25.3,34.0,34.0,36.4,42.1,11.3,"49,473",76.9,"19,891","6431",159.32,56,"7839"
00990000,Foxborough,Municipal,K12,,Norfolk,"2553",15.4,19.5,2.5,-6.8,-12.6,4.7,0.0,51.0,63.0,48.4,59.1,8.0,"87,537",93.0,"16,640","3422",135.60,83,"3376"
03260000,Westford,Municipal,K12,,Middlesex,"5069",5.2,14.7,1.7,-2.1,-4.5,3.2,1.4,74.0,77.0,52.4,50.4,7.2,"88,694",92.8,"14,004","3451",122.97,76,"3504"
01010000,Franklin,Municipal,K12,,Norfolk,"5198",9.7,18.9,1.6,-9.8,-16.9,4.3,0.0,66.0,63.0,52.8,50.2,7.5,"74,204",88.8,"13,495","4826",108.66,65,"4973"
01030000,Gardner,Municipal,K12,,Worcester,"2290",53.1,21.4,4.4,-7.6,-16.0,13.9,4.4,26.0,25.0,44.2,52.9,7.8,"64,721",84.9,"13,180","7713",101.81,32,"7852"
00560000,Chelmsford,Municipal,K12,,Middlesex,"4961",12.2,16.9,3.6,-3.2,-10.6,5.6,1.0,67.0,61.0,52.0,52.4,7.5,"78,671",91.0,"13,724","2209",132.97,79,"2169"
02740000,Somerville,Municipal,K12,,Middlesex,"4909",39.2,20.9,20.5,-0.6,0.7,12.6,0.0,49.0,45.0,54.9,51.2,8.6,"82,291",87.1,"19,236","3768",129.07,128,"3852"
01090000,Gosnold,Municipal,Elementary,Single,Dukes,2,50.0,0.0,0.0,0.0,-50.0,--,0.0,,,,,42.5,"49,797",100.0,0,"5471",368.53,3906,"5471"
01100000,Grafton,Municipal,K12,,Worcester,"3173",11.8,18.9,1.5,3.5,10.2,6.3,2.8,64.0,60.0,50.4,53.2,7.4,"71,230",90.8,"12,328","3466",113.82,66,"3537"
01110000,Granby,Municipal,K12,,Hampshire,727,25.0,17.8,4.4,-22.6,-34.5,5.2,14.2,48.0,45.0,45.8,47.1,8.0,"61,017",93.5,"13,420","6230",107.49,61,"6653"
01140000,Greenfield,Municipal,K12,,Franklin,"1732",49.4,18.0,5.9,-0.1,13.4,11.3,5.6,39.0,30.0,46.1,42.4,9.1,"56,853",86.5,"14,531","6376",116.92,46,"6178"
01170000,Hadley,Municipal,K12,,Hampshire,536,17.4,14.9,5.0,-14.0,-20.2,6.9,17.5,56.0,48.0,54.3,47.0,9.3,"70,356",82.0,"15,728","1775",134.62,102,"1834"
01180000,Halifax,Municipal,Elementary,Single,Plymouth,608,16.4,16.5,1.0,7.0,-11.1,1.7,0.0,57.0,58.0,49.8,55.7,6.4,"80,291",92.3,"11,071","4619",136.60,52,"4693"
01210000,Hancock,Municipal,Elementary,Single,Berkshire,34,23.5,11.8,0.0,-24.4,3.0,2.3,15.2,67.0,52.0,,,19.1,"58,841",77.8,"18,769","2959",147.66,180,"2989"
01220000,Hanover,Municipal,K12,,Plymouth,"2645",8.4,17.8,0.9,0.1,-2.8,1.6,0.0,61.0,58.0,50.2,52.5,7.6,"80,616",90.4,"13,967","2716",122.38,79,"2743"
01250000,Harvard,Municipal,K12,,Worcester,"1065",4.7,11.2,1.4,-9.0,-16.9,4.5,5.4,75.0,70.0,59.1,49.2,8.1,"85,200",96.7,"16,766","1966",142.16,108,"2069"
01270000,Hatfield,Municipal,K12,,Hampshire,436,14.0,18.0,0.0,-3.1,4.3,4.9,31.3,55.0,56.0,48.5,63.5,9.4,"61,691",84.8,"14,400","2332",143.70,99,"2451"
02110000,North Andover,Municipal,K12,,Essex,"4769",14.6,15.3,2.2,-0.7,3.6,5.6,0.0,60.0,60.0,50.3,54.3,6.4,"77,641",89.2,"12,122","1731",116.76,85,"1860"
01310000,Hingham,Municipal,K12,,Plymouth,"4242",4.7,13.0,0.3,0.1,7.0,2.7,0.0,78.0,74.0,56.9,49.5,6.9,"87,233",92.0,"13,207","1651",123.34,139,"1735"
01330000,Holbrook,Municipal,K12,,Norfolk,"1259",31.5,21.4,7.4,2.2,6.3,9.9,2.6,47.0,46.0,49.1,45.6,7.3,"74,410",93.4,"14,007","4852",131.39,56,"5067"
01350000,Holland,Municipal,Elementary,Single,Hampden,226,31.9,14.2,0.0,-4.6,-20.7,4.2,17.3,50.0,49.0,54.3,58.5,8.2,"69,578",95.0,"13,430","6077",139.31,57,"5732"
00310000,Billerica,Municipal,K12,,Middlesex,"4764",15.6,17.0,1.5,-11.1,-21.9,8.3,0.0,52.0,50.0,49.9,50.3,7.6,"83,185",92.4,"16,094","3785",132.12,72,"3909"
01370000,Holyoke,Municipal,K12,,Hampden,"5241",77.8,24.8,22.4,-6.0,-13.0,23.5,2.5,16.0,10.0,42.0,40.7,7.4,"71,478",67.2,"17,143","11048",101.15,20,"11310"
01380000,Hopedale,Municipal,K12,,Worcester,"1087",10.9,21.3,1.9,-13.7,-17.9,3.6,13.2,65.0,64.0,49.8,55.7,8.2,"72,514",86.2,"13,920","5917",121.21,55,"6139"
01700000,Marlborough,Municipal,K12,,Middlesex,"4657",34.9,16.9,23.6,2.7,2.0,14.4,0.0,40.0,37.0,50.9,53.8,8.3,"77,793",89.3,"16,008","4915",136.44,59,"5318"
03440000,Winchester,Municipal,K12,,Middlesex,"4639",5.0,17.3,2.5,4.5,13.4,2.5,0.0,79.0,80.0,55.7,55.0,7.7,"79,245",87.5,"13,451","1797",129.78,131,"1945"
01420000,Hull,Municipal,K12,,Plymouth,887,30.4,21.6,0.3,-16.4,-26.9,8.0,0.0,55.0,52.0,44.0,42.4,9.3,"76,650",91.9,"20,530","3933",140.59,126,"4101"
00260000,Belmont,Municipal,K12,,Middlesex,"4628",7.1,10.6,7.8,10.1,19.8,4.5,0.0,78.0,78.0,57.8,58.8,6.0,"90,616",88.5,"12,736","1791",129.95,129,"2014"
01450000,Kingston,Municipal,Elementary,,Plymouth,"1040",16.9,17.4,2.0,-8.1,-11.3,6.8,0.0,55.0,54.0,51.9,50.5,6.8,"72,961",94.0,"11,825","4119",131.17,62,"4087"
00300000,Beverly,Municipal,K12,,Essex,"4565",25.4,21.0,3.6,3.7,8.2,6.7,2.4,56.0,51.0,48.9,54.3,7.4,"74,435",90.5,"13,480","1774",125.67,96,"1850"
01500000,Lee,Municipal,K12,,Berkshire,703,33.9,12.1,4.4,-2.4,-18.6,8.6,20.6,51.0,50.0,57.4,50.9,10.0,"67,773",89.3,"18,749","3298",152.44,84,"3328"
01510000,Leicester,Municipal,K12,,Worcester,"1536",25.7,17.4,2.7,-5.5,-18.0,8.2,5.0,36.0,35.0,49.8,54.5,7.3,"72,002",95.7,"13,001","6176",110.22,47,"6175"
01520000,Lenox,Municipal,K12,,Berkshire,756,16.0,10.3,2.4,0.4,-7.4,4.2,37.3,66.0,66.0,57.1,53.2,10.1,"77,652",89.3,"19,811","2385",229.96,139,"2486"
01530000,Leominster,Municipal,K12,,Worcester,"6027",38.6,22.7,11.9,-2.3,-3.3,13.6,3.9,43.0,46.0,45.2,49.7,7.3,"76,447",92.4,"13,277","7198",102.47,40,"7240"
01540000,Leverett,Municipal,Elementary,Single,Franklin,135,23.0,12.6,0.0,11.6,-13.5,2.3,12.6,74.0,69.0,63.6,59.8,12.2,"56,975",83.3,"20,476","2350",191.18,91,"2836"
03470000,Woburn,Municipal,K12,,Middlesex,"4524",25.1,16.3,8.2,-6.5,-4.4,8.6,0.0,52.0,46.0,46.2,44.6,8.1,"81,497",90.3,"16,909","1862",143.78,87,"1945"
01760000,Medford,Municipal,K12,,Middlesex,"4232",28.9,18.8,10.6,-7.8,-12.2,10.8,0.0,49.0,40.0,51.6,53.7,9.3,"71,115",89.8,"17,632","2448",126.46,110,"2573"
02460000,Reading,Municipal,K12,,Middlesex,"4210",8.3,17.2,1.0,-5.0,-4.9,3.6,0.0,68.0,63.0,56.5,57.4,7.5,"76,135",92.7,"13,193","2527",124.56,87,"2628"
01590000,Longmeadow,Municipal,K12,,Hampden,"2874",7.0,18.5,0.8,0.6,-8.3,3.4,1.3,71.0,69.0,54.7,51.2,8.6,"75,344",92.2,"14,496","1655",147.95,87,"1842"
01780000,Melrose,Municipal,K12,,Middlesex,"3945",10.5,14.4,4.6,7.1,7.8,3.9,0.6,70.0,64.0,53.4,45.8,6.8,"65,624",90.1,"11,816","2180",104.03,88,"2168"
01610000,Ludlow,Municipal,K12,,Hampden,"2594",27.4,15.7,2.9,-7.4,-16.4,6.1,3.9,36.0,38.0,48.9,51.9,8.6,"67,942",91.7,"15,867","5243",129.56,57,"5338"
01620000,Lunenburg,Municipal,K12,,Worcester,"1649",16.7,16.7,1.5,5.4,-5.2,6.4,2.0,50.0,53.0,47.6,54.2,6.7,"74,236",86.8,"13,693","4265",127.82,56,"4393"
02580000,Salem,Municipal,K12,,Essex,"3718",48.2,23.6,12.5,-14.3,-16.4,16.1,0.4,40.0,34.0,52.0,51.6,9.1,"94,132",78.3,"19,506","4791",132.26,61,"4825"
01390000,Hopkinton,Municipal,K12,,Middlesex,"3685",4.5,12.5,5.4,6.5,6.7,4.4,0.0,78.0,78.0,52.8,61.0,7.1,"90,906",91.2,"14,537","1803",135.04,91,"1937"
00790000,Dracut,Municipal,K12,,Middlesex,"3582",21.9,16.6,1.6,-6.1,-14.5,8.4,0.8,51.0,44.0,50.4,50.2,6.3,"76,066",90.2,"11,599","5089",100.85,56,"5027"
01670000,Mansfield,Municipal,K12,,Bristol,"3784",13.4,15.8,1.8,-12.4,-23.0,4.6,0.0,60.0,59.0,49.8,44.8,8.0,"86,935",95.4,"15,676","4763",118.01,67,"4781"
00480000,Burlington,Municipal,K12,,Middlesex,"3533",11.4,13.7,4.2,-1.3,-3.2,6.9,0.6,52.0,56.0,52.1,58.4,8.9,"98,474",92.7,"19,982","1754",183.55,100,"1864"
01690000,Marion,Municipal,Elementary,Single,Plymouth,447,18.8,20.8,0.7,-0.9,2.8,3.9,0.0,68.0,63.0,49.6,49.1,8.0,"86,151",94.3,"15,119","1831",160.07,124,"1874"
03050000,Wakefield,Municipal,K12,,Middlesex,"3485",12.2,15.8,2.3,4.1,2.4,4.8,0.0,54.0,53.0,46.4,52.2,7.5,"79,963",92.8,"14,543","1763",135.99,87,"1824"
01710000,Marshfield,Municipal,K12,,Plymouth,"4060",11.8,17.0,1.1,-8.0,-14.0,3.9,0.0,69.0,65.0,52.9,51.2,8.0,"75,523",90.2,"13,186","3493",105.75,82,"3567"
01720000,Mashpee,Municipal,K12,,Barnstable,"1616",29.8,16.5,3.3,-3.2,-11.1,7.1,5.9,52.0,48.0,54.8,49.0,8.7,"75,554",90.3,"17,258","2856",145.59,144,"2781"
01730000,Mattapoisett,Municipal,Elementary,,Plymouth,441,16.1,16.7,0.7,-13.9,-14.5,8.5,0.9,74.0,65.0,59.5,60.8,8.8,"78,574",94.9,"18,288","1803",176.26,125,"1849"
00710000,Danvers,Municipal,K12,,Essex,"3481",15.9,16.6,1.1,-4.5,-2.8,5.2,0.0,47.0,42.0,44.2,44.0,7.7,"78,007",91.0,"15,332","1946",139.56,89,"1945"
01750000,Medfield,Municipal,K12,,Norfolk,"2600",5.0,12.4,1.2,-2.8,-13.4,4.3,0.0,69.0,72.0,46.5,52.5,7.8,"87,170",91.1,"15,262","2465",136.32,104,"2473"
02950000,Tewksbury,Municipal,K12,,Middlesex,"3402",15.1,17.4,1.4,-9.4,-22.9,6.1,0.0,56.0,52.0,49.0,51.6,7.7,"75,591",91.3,"16,111","3649",128.57,79,"3806"
01770000,Medway,Municipal,K12,,Norfolk,"2222",10.1,16.6,1.3,-8.3,-19.4,3.3,3.3,66.0,65.0,52.4,50.7,7.1,"82,777",85.5,"13,985","4613",118.37,68,"4747"
03420000,Wilmington,Municipal,K12,,Middlesex,"3197",9.2,19.0,0.9,-9.2,-15.1,3.8,0.0,58.0,63.0,47.2,55.6,8.6,"76,488",91.3,"15,968","3277",142.23,74,"3359"
07350000,North Middlesex,Regional,K12,,Middlesex,"3070",17.3,22.6,1.1,-11.1,-28.1,7.9,2.7,59.0,53.0,55.6,51.5,8.0,"69,995",90.2,"15,156","6298",115.78,55,"6420"
01820000,Middleborough,Municipal,K12,,Plymouth,"2976",29.0,19.6,1.0,-7.6,-16.0,8.2,1.4,47.0,48.0,51.7,52.8,7.3,"74,134",87.1,"14,252","6201",112.66,53,"5901"
01680000,Marblehead,Municipal,K12,,Essex,"3051",9.4,19.3,4.0,-7.3,-6.4,4.6,0.0,69.0,64.0,54.4,56.4,8.4,"77,375",85.7,"15,780","1776",147.69,138,"1831"
01850000,Milford,Municipal,K12,,Worcester,"4277",33.2,15.4,16.3,2.3,2.1,11.7,2.7,48.0,40.0,50.5,47.7,7.8,"80,964",88.3,"14,212","5454",117.30,50,"5858"
01860000,Millbury,Municipal,K12,,Worcester,"1692",26.4,16.1,4.4,-4.7,-12.2,9.1,0.1,47.0,44.0,45.9,48.7,7.7,"78,928",88.3,"15,745","4091",140.41,60,"4181"
01870000,Millis,Municipal,K12,,Norfolk,"1223",11.8,13.3,1.1,-14.2,-12.9,4.2,4.3,61.0,60.0,58.3,56.2,7.8,"85,841",94.1,"14,216","3971",131.71,71,"4076"
01890000,Milton,Municipal,K12,,Norfolk,"4265",8.9,14.5,1.8,8.1,10.0,4.4,0.0,65.0,67.0,48.5,51.9,7.2,"82,613",88.1,"14,329","1846",140.75,107,"2007"
01910000,Monson,Municipal,K12,,Hampden,917,26.9,15.5,1.1,-20.9,-37.9,7.7,5.5,50.0,44.0,50.4,54.0,8.8,"61,104",91.7,"16,466","7740",105.56,53,"8044"
01360000,Holliston,Municipal,K12,,Middlesex,"2889",6.7,16.6,2.2,2.5,-0.4,3.4,3.7,63.0,60.0,46.8,46.9,7.4,"82,958",92.1,"12,980","2849",129.48,74,"2835"
01970000,Nantucket,Municipal,K12,,Nantucket,"1670",21.7,14.2,16.9,12.8,30.6,10.1,0.0,41.0,31.0,60.3,50.9,8.8,"87,729",88.0,"21,938","1968",189.14,525,"2194"
01070000,Gloucester,Municipal,K12,,Essex,"2886",35.3,26.4,6.2,-6.2,-15.1,6.4,1.5,47.0,44.0,48.1,50.9,8.7,"79,686",89.9,"16,836","2041",138.11,98,"2071"
01990000,Needham,Municipal,K12,,Norfolk,"5721",5.3,17.2,2.9,3.6,11.8,2.8,0.0,76.0,72.0,60.4,56.5,7.1,"95,184",91.0,"17,213","1683",166.19,145,"1797"
02010000,New Bedford,Municipal,K12,,Bristol,"12845",66.1,20.9,28.7,0.8,1.9,16.5,0.1,33.0,30.0,45.2,42.4,7.2,"72,850",83.6,"13,977","10124",100.44,22,"10566"
00140000,Ashland,Municipal,K12,,Middlesex,"2845",13.0,16.5,5.4,10.2,8.2,6.4,1.9,63.0,60.0,55.9,58.1,7.1,"79,628",92.1,"13,571","2361",130.38,78,"2370"
03150000,Wayland,Municipal,K12,,Middlesex,"2695",5.7,18.7,4.5,0.2,-2.6,2.0,0.0,78.0,76.0,61.9,62.3,8.0,"97,739",90.9,"18,107","1639",174.62,181,"1756"
02080000,Norfolk,Municipal,Elementary,,Norfolk,963,5.1,18.2,2.1,4.1,-9.1,4.2,0.0,66.0,73.0,47.4,59.9,7.9,"83,449",93.7,"15,351","3819",126.95,89,"3803"
02090000,North Adams,Municipal,K12,,Berkshire,"1365",57.4,24.6,0.8,-10.7,-14.3,17.9,3.8,37.0,26.0,44.0,39.8,9.1,"63,968",89.6,"16,762","9111",105.99,29,"9270"
02100000,Northampton,Municipal,K12,,Hampshire,"2626",26.5,21.5,3.7,-4.4,-4.8,7.4,7.6,53.0,48.0,49.5,50.9,8.8,"61,433",87.1,"14,505","2693",122.07,86,"2756"
00230000,Bedford,Municipal,K12,,Middlesex,"2658",8.7,16.6,6.6,4.7,9.8,5.7,0.0,70.0,68.0,55.9,54.1,8.8,"89,004",92.2,"17,595","1747",164.90,94,"1836"
02120000,North Attleborough,Municipal,K12,,Bristol,"4155",16.6,16.0,3.1,-10.5,-12.4,6.4,0.0,62.0,59.0,52.5,52.4,6.8,"76,504",88.3,"12,360","4700",105.10,62,"4785"
02130000,Northborough,Municipal,Elementary,,Worcester,"1587",10.8,20.8,5.2,-12.3,-16.3,4.0,0.0,65.0,62.0,53.8,54.7,7.5,"104,108",92.7,"16,884","2375",159.48,84,"2455"
02140000,Northbridge,Municipal,K12,,Worcester,"2077",29.4,15.3,2.4,-20.3,-17.8,7.9,4.3,48.0,46.0,50.2,57.0,7.9,"71,805",84.4,"14,053","6713",105.20,50,"6969"
02150000,North Brookfield,Municipal,K12,,Worcester,570,31.9,22.7,0.0,0.7,-12.6,11.9,10.7,31.0,26.0,42.3,47.0,8.0,"63,857",89.1,"14,987","7138",105.76,45,"7016"
02880000,Sudbury,Municipal,Elementary,,Middlesex,"2653",5.2,18.1,1.9,-9.3,-17.7,2.9,0.0,74.0,73.0,54.4,53.7,7.6,"89,124",89.3,"15,911","1732",153.56,114,"1810"
02180000,Norton,Municipal,K12,,Bristol,"2438",19.1,19.1,1.1,-5.1,-15.4,4.2,4.5,54.0,48.0,45.8,49.9,7.4,"70,307",89.1,"14,050","5037",110.63,65,"5053"
02190000,Norwell,Municipal,K12,,Plymouth,"2192",3.8,15.7,0.3,-3.1,-5.8,3.3,0.0,73.0,68.0,58.2,65.6,7.5,"84,396",94.0,"15,368","1678",144.00,103,"1749"
02200000,Norwood,Municipal,K12,,Norfolk,"3422",23.5,20.2,10.5,-1.4,-0.5,9.3,0.0,49.0,52.0,40.7,48.9,7.9,"79,554",93.7,"15,850","1803",139.33,92,"1941"
02210000,Oak Bluffs,Municipal,Elementary,Single,Dukes,435,23.4,20.5,17.7,12.4,4.6,11.1,8.0,60.0,47.0,55.1,50.5,10.9,"87,117",98.2,"22,745","2013",212.50,165,"2204"
02230000,Orange,Municipal,Elementary,,Franklin,588,55.4,26.8,1.9,-11.0,-29.2,17.4,6.1,25.0,23.0,46.8,49.2,7.1,"66,880",86.7,"14,510","8521",103.53,28,"8565"
02240000,Orleans,Municipal,Elementary,Single,Barnstable,218,27.5,17.4,8.7,3.8,10.7,9.4,0.0,71.0,72.0,49.8,56.2,11.3,"90,082",96.2,"22,915","1691",222.76,370,"1794"
02260000,Oxford,Municipal,K12,,Worcester,"1639",32.5,16.3,0.5,-14.4,-18.9,8.1,0.5,41.0,37.0,41.9,42.0,7.5,"69,536",93.7,"13,192","5861",106.46,48,"5951"
02270000,Palmer,Municipal,K12,,Hampden,"1335",39.2,19.6,2.4,-9.1,-27.4,13.0,1.6,47.0,33.0,49.1,42.0,8.6,"69,015",80.7,"14,582","7243",108.68,41,"7392"
02620000,Saugus,Municipal,K12,,Essex,"2609",29.7,16.9,6.2,-6.9,-10.9,10.9,0.0,43.0,46.0,41.0,47.5,7.8,"78,146",92.1,"15,702","2080",141.55,87,"2104"
02300000,Pelham,Municipal,Elementary,Single,Hampshire,135,19.3,22.2,0.7,6.3,15.4,6.2,43.0,65.0,75.0,49.7,56.4,9.0,"70,055",81.3,"18,277","2847",202.55,85,"2808"
02310000,Pembroke,Municipal,K12,,Plymouth,"2797",12.4,14.2,1.0,-14.5,-19.0,3.5,0.0,56.0,60.0,46.8,54.3,7.1,"83,803",91.3,"13,559","4471",112.73,63,"4659"
02340000,Petersham,Municipal,Elementary,Single,Worcester,115,23.5,20.7,0.9,3.6,15.0,1.7,52.2,43.0,26.0,40.8,56.7,9.4,"56,498",83.3,"15,985","6162",139.44,80,"6192"
02360000,Pittsfield,Municipal,K12,,Berkshire,"5429",51.2,21.9,4.4,-7.7,-11.3,9.6,2.0,34.0,33.0,41.8,41.9,9.0,"67,935",86.6,"15,846","6728",120.47,41,"7100"
02380000,Plainville,Municipal,Elementary,,Norfolk,711,19.8,17.2,4.4,-7.4,-14.4,6.8,0.0,56.0,53.0,50.7,61.4,7.6,"79,940",92.2,"16,291","4117",137.42,71,"4200"
02390000,Plymouth,Municipal,K12,,Plymouth,"7394",23.2,19.8,1.6,-5.2,-10.7,6.0,0.0,52.0,45.0,51.8,51.0,8.6,"71,764",89.8,"17,114","3152",138.09,70,"3223"
02400000,Plympton,Municipal,Elementary,Single,Plymouth,199,13.6,18.2,0.0,-16.0,-12.7,4.8,4.0,64.0,58.0,53.5,57.7,9.2,"73,527",95.2,"16,102","3293",149.46,71,"3383"
02420000,Provincetown,Municipal,Elementary,Single,Barnstable,125,31.2,19.0,19.2,14.7,-27.3,18.2,43.2,58.0,43.0,52.1,41.8,14.7,"87,287",90.0,"39,402","2468",328.06,856,"2376"
02430000,Quincy,Municipal,K12,,Norfolk,"9436",34.5,18.5,15.5,1.2,5.2,11.9,0.0,60.0,54.0,57.4,52.8,7.5,"79,846",92.7,"15,478","2901",124.83,77,"3006"
02440000,Randolph,Municipal,K12,,Norfolk,"2737",44.6,23.5,15.3,-7.3,-7.7,17.9,0.1,39.0,35.0,51.1,54.1,9.1,"79,375",88.3,"17,774","4990",141.03,56,"5257"
03140000,Watertown,Municipal,K12,,Middlesex,"2608",24.9,21.4,12.5,-3.7,3.7,9.6,0.0,52.0,43.0,54.0,52.7,10.1,"84,380",90.1,"20,422","1861",177.66,159,"1983"
02480000,Revere,Municipal,K12,,Suffolk,"7544",47.1,16.1,22.6,10.4,25.0,14.4,0.0,46.0,43.0,48.4,47.9,7.4,"84,031",89.5,"13,222","7946",101.86,37,"8288"
02490000,Richmond,Municipal,Elementary,Single,Berkshire,179,20.1,6.7,0.0,19.3,-4.8,4.4,36.3,63.0,52.0,51.8,50.8,12.0,"78,312",82.6,"19,159","2906",270.11,227,"3034"
02500000,Rochester,Municipal,Elementary,Single,Plymouth,511,14.1,18.7,0.6,4.9,-15.4,5.8,0.0,58.0,54.0,52.9,61.7,7.5,"86,886",94.9,"13,870","3860",139.18,62,"3740"
02510000,Rockland,Municipal,K12,,Plymouth,"2228",32.5,16.8,6.2,-1.9,-6.2,11.6,3.5,46.0,40.0,56.4,52.1,7.8,"68,653",87.2,"15,568","5805",121.25,49,"6042"
01410000,Hudson,Municipal,K12,,Middlesex,"2544",20.8,16.7,9.6,-13.7,-14.7,7.4,3.0,52.0,50.0,53.6,50.6,9.0,"76,465",86.9,"15,968","4267",146.83,60,"4422"
02530000,Rowe,Municipal,Elementary,Single,Franklin,66,37.9,24.2,0.0,17.9,3.1,6.8,66.7,53.0,57.0,49.9,52.7,12.6,"61,323",90.0,"26,651","2136",279.50,191,"2562"
07450000,Pentucket,Regional,K12,,Essex,"2437",12.0,20.5,0.3,-14.4,-25.7,5.3,2.5,49.0,38.0,45.8,43.3,8.2,"77,442",89.8,"14,782","5447",115.17,78,"5525"
02610000,Sandwich,Municipal,K12,,Barnstable,"2510",15.9,17.8,1.2,-16.8,-29.8,5.0,4.8,54.0,52.0,53.2,48.9,7.9,"83,972",91.3,"17,000","2422",138.93,83,"2581"
07730000,Triton,Regional,K12,,Essex,"2421",20.3,17.0,1.0,-13.5,-23.8,5.5,4.8,53.0,45.0,48.6,54.4,8.2,"77,669",93.2,"16,420","3614",122.65,104,"3636"
02630000,Savoy,Municipal,Elementary,Single,Berkshire,63,50.8,19.0,0.0,75.0,18.9,18.6,36.5,43.0,17.0,,,8.7,"47,999",71.4,"14,739","8538",114.16,50,"8863"
02640000,Scituate,Municipal,K12,,Plymouth,"2991",10.4,14.2,0.6,-4.2,-7.7,2.8,0.0,72.0,64.0,49.1,46.1,8.0,"90,248",90.3,"14,973","1853",141.30,105,"1905"
02650000,Seekonk,Municipal,K12,,Bristol,"2087",13.8,17.2,3.3,2.2,-3.5,4.8,0.0,62.0,57.0,49.8,52.2,7.6,"80,793",93.9,"15,347","2690",144.41,76,"2722"
02660000,Sharon,Municipal,K12,,Norfolk,"3588",7.9,14.2,4.2,4.5,5.7,4.0,0.0,73.0,76.0,53.7,55.4,7.2,"92,007",90.2,"16,030","2129",147.17,84,"2124"
06730000,Groton-Dunstable,Regional,K12,,Middlesex,"2400",7.1,17.1,1.0,-8.6,-14.7,3.5,0.8,62.0,66.0,46.0,55.2,7.6,"79,346",92.2,"14,990","4519",112.04,89,"4572"
02710000,Shrewsbury,Municipal,K12,,Worcester,"6207",10.5,14.0,3.0,3.3,5.1,7.4,0.4,73.0,70.0,54.2,52.8,6.7,"78,585",91.4,"12,989","3263",117.23,80,"3290"
02720000,Shutesbury,Municipal,Elementary,Single,Franklin,128,39.1,15.5,0.0,-17.4,-20.0,7.0,8.6,70.0,58.0,62.5,62.9,12.8,"70,751",82.4,"22,330","5374",185.73,59,"5313"
02730000,Somerset,Municipal,Elementary,,Bristol,"1771",22.0,16.7,1.1,-3.6,-35.8,6.6,0.0,54.0,50.0,49.9,57.1,7.6,"73,055",88.8,"14,196","4181",131.83,55,"4562"
02170000,North Reading,Municipal,K12,,Middlesex,"2398",7.8,19.4,0.5,-8.2,-14.1,3.1,0.0,69.0,68.0,55.0,56.9,8.3,"78,598",89.0,"15,033","2890",125.36,93,"2919"
02750000,Southampton,Municipal,Elementary,Single,Hampshire,501,12.8,18.7,2.0,-8.9,-10.1,5.1,11.2,54.0,46.0,47.1,49.5,7.3,"70,491",92.3,"11,815","5128",103.72,64,"5286"
02760000,Southborough,Municipal,Elementary,,Worcester,"1273",5.5,15.6,6.1,-7.5,-20.2,8.1,0.0,75.0,81.0,48.6,53.1,7.1,"108,753",95.9,"18,071","2360",183.43,138,"2433"
02770000,Southbridge,Municipal,K12,,Worcester,"2004",69.7,21.2,24.3,-10.5,-5.5,22.5,0.2,18.0,15.0,38.1,39.3,7.9,"73,514",57.4,"16,627","8902",100.79,25,"9186"
02780000,South Hadley,Municipal,K12,,Hampshire,"1914",24.9,17.9,4.6,-1.3,-12.5,8.8,9.5,49.0,45.0,51.8,44.4,7.7,"70,181",91.8,"13,853","4176",118.69,65,"4169"
02810000,Springfield,Municipal,K12,,Hampden,"25,297",76.7,23.5,17.3,-2.0,-0.2,21.4,0.0,30.0,24.0,46.3,44.1,7.6,"71,001",83.4,"15,865","11276",100.00,16,"11643"
02840000,Stoneham,Municipal,K12,,Middlesex,"2396",16.1,19.8,3.5,1.9,-11.5,7.4,0.0,63.0,52.0,57.9,60.7,8.2,"73,931",87.9,"15,751","1761",133.21,98,"1839"
02850000,Stoughton,Municipal,K12,,Norfolk,"3500",28.5,16.2,6.3,-4.1,-9.4,9.7,0.0,52.0,49.0,47.0,49.5,8.5,"78,911",87.7,"14,875","4229",130.16,62,"4267"
02870000,Sturbridge,Municipal,Elementary,Single,Worcester,887,15.6,12.5,1.2,-9.1,-3.3,6.5,0.0,60.0,67.0,49.2,62.5,7.9,"79,572",95.6,"13,308","4357",130.88,57,"4392"
08280000,Greater Lowell RVT,RegionalVoc,Voc/Ag,,Middlesex,"2256",43.2,18.7,7.5,6.8,17.4,5.1,0.1,,,,,8.3,"84,843",92.9,"19,445","11113",99.78,35,"11536"
02890000,Sunderland,Municipal,Elementary,Single,Franklin,232,31.5,19.8,8.2,14.3,8.4,10.5,17.2,56.0,50.0,54.3,53.3,9.9,"56,125",92.3,"15,212","4373",106.71,76,"4517"
02900000,Sutton,Municipal,K12,,Worcester,"1354",10.4,17.5,1.3,-12.9,-19.6,3.5,3.8,63.0,55.0,54.6,56.3,7.3,"75,437",98.1,"13,542","3796",114.19,72,"3919"
02040000,Newburyport,Municipal,K12,,Essex,"2232",8.2,17.1,1.7,-4.2,-1.4,5.0,0.9,59.0,53.0,50.2,48.9,8.5,"79,617",91.2,"16,165","1638",157.77,119,"1713"
02920000,Swansea,Municipal,K12,,Bristol,"2084",19.3,13.4,0.3,1.2,0.1,5.8,0.4,51.0,47.0,45.0,50.0,7.5,"68,331",94.4,"13,462","3766",115.97,64,"3885"
02930000,Taunton,Municipal,K12,,Bristol,"8003",43.4,19.4,5.3,1.7,1.8,11.5,1.3,39.0,35.0,43.2,48.0,6.6,"79,066",92.1,"13,381","7261",105.65,36,"7441"
02910000,Swampscott,Municipal,K12,,Essex,"2212",14.9,17.5,5.5,-3.5,-2.9,5.5,0.0,65.0,56.0,44.8,49.0,8.4,"76,934",87.8,"16,005","1650",157.02,112,"1760"
02960000,Tisbury,Municipal,Elementary,Single,Dukes,297,27.6,16.2,24.6,-8.9,-2.9,11.6,6.1,74.0,65.0,57.2,47.3,12.7,"89,523",86.4,"27,274","1913",218.82,183,"1902"
01640000,Lynnfield,Municipal,K12,,Essex,"2201",7.2,17.7,2.1,-0.9,-6.8,2.5,0.0,71.0,76.0,49.2,51.5,7.2,"86,133",92.4,"16,045","1950",141.96,109,"1954"
03000000,Truro,Municipal,Elementary,Single,Barnstable,106,34.9,16.7,0.9,-22.6,-24.8,9.1,18.9,53.0,33.0,64.8,51.5,15.1,"75,659",88.9,"43,809","1888",306.28,431,"2038"
03300000,Weston,Municipal,K12,,Middlesex,"2103",5.2,17.1,3.2,-9.9,-12.5,2.9,0.0,81.0,77.0,60.0,56.5,8.4,"101,652",87.6,"24,507","1658",219.26,370,"1776"
03040000,Uxbridge,Municipal,K12,,Worcester,"1722",18.9,17.1,1.6,-9.3,-16.0,7.9,6.2,49.0,45.0,49.1,44.4,7.5,"86,972",91.1,"15,071","4993",126.97,60,"5276"
00670000,Concord,Municipal,Elementary,,Middlesex,"2099",6.7,18.8,2.9,-3.6,11.9,3.8,0.0,77.0,75.0,51.3,48.7,7.9,"99,501",88.6,"20,356","1592",200.64,184,"1688"
03060000,Wales,Municipal,Elementary,Single,Hampden,147,34.7,20.9,0.0,-6.4,-15.5,10.1,4.1,66.0,60.0,45.2,66.2,7.1,"76,808",85.7,"13,332","6276",121.88,37,"6306"
03070000,Walpole,Municipal,K12,,Norfolk,"3753",9.7,13.9,3.1,-6.1,-4.3,3.9,0.0,66.0,65.0,51.1,52.3,7.8,"76,548",92.7,"14,919","2126",131.53,88,"2163"
00070000,Amesbury,Municipal,K12,,Essex,"2058",23.0,21.0,1.7,-12.4,-14.6,7.8,1.6,47.0,43.0,42.8,44.3,8.3,"89,167",91.9,"15,747","4087",131.78,66,"4153"
03090000,Ware,Municipal,K12,,Hampshire,"1189",51.1,20.0,1.2,-6.2,-4.3,13.1,2.9,40.0,27.0,47.3,53.6,7.7,"63,664",87.0,"14,648","7060",105.92,35,"7331"
03100000,Wareham,Municipal,K12,,Plymouth,"2126",50.8,26.1,1.3,-22.6,-33.6,12.5,2.5,37.0,30.0,51.2,54.4,8.4,"74,431",82.8,"17,115","4937",119.73,56,"5207"
07050000,Masconomet,Regional,Secondary,,Essex,"1785",5.6,18.5,0.4,-13.0,-16.9,1.7,0.0,71.0,72.0,59.9,53.2,7.4,"93,705",93.4,"17,420","2705",139.09,115,"2788"
06750000,Hamilton-Wenham,Regional,K12,,Essex,"1769",7.1,17.6,0.5,-6.0,-15.0,4.0,4.4,72.0,63.0,57.1,48.8,8.5,"81,051",92.1,"16,957","2079",160.44,124,"2070"
03160000,Webster,Municipal,K12,,Worcester,"1831",52.9,21.3,9.6,-1.5,-5.4,15.8,1.6,32.0,19.0,53.4,52.1,7.6,"69,763",88.5,"14,724","6162",110.83,45,"6336"
03170000,Wellesley,Municipal,K12,,Norfolk,"4963",5.6,16.0,2.3,-1.4,1.4,3.3,0.0,79.0,75.0,59.1,54.1,7.9,"95,371",90.3,"19,101","1670",174.76,245,"1781"
03180000,Wellfleet,Municipal,Elementary,Single,Barnstable,105,28.6,17.9,1.0,-16.0,-19.8,12.0,0.0,68.0,74.0,35.5,46.0,12.4,"83,064",72.2,"31,653","1733",303.58,342,"1792"
03210000,Westborough,Municipal,K12,,Worcester,"3925",8.2,14.9,11.5,9.5,10.5,8.9,0.0,75.0,73.0,58.9,59.3,8.3,"79,096",90.6,"14,912","2047",158.01,79,"2121"
03220000,West Boylston,Municipal,K12,,Worcester,890,20.2,16.4,3.7,-5.8,-15.6,7.0,14.5,57.0,57.0,55.9,51.6,9.3,"75,982",84.9,"15,469","3460",132.32,76,"3535"
03230000,West Bridgewater,Municipal,K12,,Plymouth,"1352",15.6,10.4,1.6,2.1,4.9,3.6,18.8,58.0,47.0,48.7,43.2,6.6,"77,724",87.9,"13,239","3482",131.93,65,"3502"
03250000,Westfield,Municipal,K12,,Hampden,"5327",37.7,18.4,5.8,-8.4,-14.1,8.9,2.3,51.0,47.0,53.7,48.0,7.9,"70,377",88.5,"14,057","6270",112.83,43,"6426"
06160000,Ayer Shirley,Regional,K12,,Middlesex,"1712",24.9,19.1,3.7,2.8,--,8.1,7.0,46.0,39.0,46.1,50.1,8.1,"63,017",87.9,"14,261","4629",125.53,63,"4746"
03270000,Westhampton,Municipal,Elementary,Single,Hampshire,121,14.0,21.3,0.8,-18.2,-11.0,4.0,17.4,71.0,72.0,63.9,63.3,11.3,"59,403",86.7,"18,024","3583",156.60,70,"3613"
01440000,Ipswich,Municipal,K12,,Essex,"1708",13.7,17.2,2.5,-14.0,-19.4,4.7,2.8,69.0,63.0,58.2,54.6,9.0,"73,666",89.8,"16,752","1853",144.75,109,"1924"
03310000,Westport,Municipal,K12,,Bristol,"1438",24.1,17.9,0.8,-11.6,-24.7,5.2,0.3,53.0,55.0,44.9,51.9,7.7,"75,012",91.7,"15,219","2998",115.07,111,"3046"
03320000,West Springfield,Municipal,K12,,Hampden,"4113",44.5,18.5,11.2,5.5,3.3,13.6,1.8,48.0,48.0,49.3,47.7,7.9,"65,882",88.7,"13,066","6399",110.38,44,"6836"
03350000,Westwood,Municipal,K12,,Norfolk,"3084",4.8,16.9,0.9,-3.6,0.6,2.1,0.0,75.0,71.0,52.4,53.5,7.9,"96,413",89.5,"18,303","1661",163.94,133,"1772"
03360000,Weymouth,Municipal,K12,,Norfolk,"5857",28.6,19.2,3.8,-14.4,-14.6,10.8,0.0,50.0,42.0,49.4,48.0,7.3,"80,700",88.6,"15,384","4482",105.14,72,"4647"
03370000,Whately,Municipal,Elementary,Single,Franklin,139,25.9,12.2,2.9,-3.5,4.5,9.0,30.9,57.0,51.0,55.7,51.7,9.1,"61,641",100.0,"14,629","3125",202.03,90,"2789"
03400000,Williamsburg,Municipal,Elementary,Single,Hampshire,147,25.9,17.7,2.7,-3.9,-16.5,4.8,11.6,53.0,35.0,58.4,69.5,9.7,"68,119",78.9,"16,205","3123",149.87,74,"3418"
01580000,Littleton,Municipal,K12,,Middlesex,"1653",6.9,17.7,2.1,4.4,0.0,3.2,4.8,68.0,61.0,59.0,52.0,7.6,"77,441",89.5,"13,647","2482",146.08,81,"2492"
03430000,Winchendon,Municipal,K12,,Worcester,"1265",40.9,18.2,0.7,-7.1,-23.4,10.1,3.9,30.0,25.0,35.6,41.0,7.0,"76,086",87.6,"13,599","8309",99.39,32,"8196"
03010000,Tyngsborough,Municipal,K12,,Middlesex,"1640",11.8,16.7,2.7,-10.8,-21.3,4.3,3.6,54.0,51.0,46.4,48.5,7.7,"82,608",91.0,"14,580","4358",120.15,69,"4578"
03460000,Winthrop,Municipal,K12,,Suffolk,"1983",24.3,15.8,7.8,-0.5,-1.6,9.7,0.1,56.0,52.0,51.3,55.0,7.3,"79,450",81.3,"13,010","3308",111.25,70,"3491"
08230000,Greater Lawrence RVT,RegionalVoc,Voc/Ag,,Essex,"1576",49.9,20.0,12.9,17.6,34.7,4.6,0.0,,,,,8.9,"83,133",86.9,"23,316","15127",101.93,24,"16007"
03480000,Worcester,Municipal,K12,,Worcester,"25,415",57.9,19.4,32.8,3.5,10.0,17.1,0.4,35.0,29.0,48.5,49.3,7.3,"80,587",87.2,"14,142","8836",100.75,28,"9171"
03490000,Worthington,Municipal,Elementary,Single,Hampshire,74,39.2,20.3,0.0,--,--,13.4,24.3,41.0,29.0,,,9.5,"54,672",88.9,"17,318","2205",144.51,94,"2276"
03500000,Wrentham,Municipal,Elementary,,Norfolk,"1009",9.9,16.5,2.3,-12.2,-23.0,5.8,0.0,73.0,64.0,57.8,47.0,7.7,"77,646",94.8,"15,668","4049",123.41,86,"3989"
04060000,Northampton-Smith Voc/Agr,Independent,Secondary,,Hampshire,495,32.9,39.0,1.6,--,--,4.9,0.0,,,,,11.5,"64,081",87.5,"22,468","8554",101.81,86,"8666"
04070000,Dudley Street,CharterC,Elementary,Single,,256,59.0,9.4,25.4,--,--,18.9,0.0,32.0,23.0,40.6,48.5,8.6,,84.2,0,,,0,--
04090000,Alma del Mar Charter,CharterC,Elementary,Single,,441,61.9,18.8,24.3,--,--,6.0,0.0,50.0,54.0,47.2,48.5,8.3,,62.9,0,,,0,--
04100000,Excel Academy,CharterC,,Single,,"1297",42.4,19.7,12.0,--,--,6.5,0.0,55.0,47.0,56.7,51.5,7.8,,63.4,0,,,0,--
04110000,Boston Green Academy HMCS,CharterHM,,Single,,476,60.9,30.5,15.5,--,--,21.8,0.0,25.0,9.0,48.8,45.5,8.7,,76.6,0,,,0,--
04120000,Academy Of the Pacific Rim,CharterC,,Single,,526,38.2,23.8,11.8,--,--,8.9,0.0,44.0,33.0,57.7,52.9,9.4,,62.3,0,,,0,--
04130000,Four Rivers,CharterC,,Single,,219,24.2,13.2,0.0,--,--,4.0,0.0,51.0,57.0,45.0,58.4,10.0,,87.1,0,,,0,--
04140000,Berkshire Arts and Technology,CharterC,,Single,,378,41.3,23.0,0.8,--,--,10.6,0.0,48.0,48.0,58.4,59.4,9.5,,72.5,0,,,0,--
04160000,Boston Preparatory,CharterC,,Single,,526,44.3,20.5,22.4,--,--,9.3,0.0,38.0,41.0,56.9,60.6,9.9,,59.6,0,,,0,--
04170000,Bridge Boston,CharterC,Elementary,Single,,339,59.3,22.1,26.5,--,--,4.4,0.0,39.0,30.0,50.0,35.9,10.2,,64.5,0,,,0,--
04180000,Christa McAuliffe,CharterC,,Single,,398,21.1,23.1,3.0,--,--,5.4,0.0,53.0,51.0,48.3,53.2,10.0,,64.3,0,,,0,--
04190000,Helen Y. Davis Leadership Academy,CharterC,,Single,,191,62.8,26.2,8.9,--,--,22.8,0.0,18.0,15.0,31.0,39.5,8.4,,42.9,0,,,0,--
04200000,Benjamin Banneker,CharterC,Elementary,Single,,354,45.5,15.0,5.4,--,--,6.6,0.0,68.0,65.0,60.1,55.7,5.0,,78.9,0,,,0,--
04240000,Boston Day and Evening Academy,CharterHM,,Single,,421,60.6,27.3,12.6,--,--,49.3,0.0,,,,,6.2,,82.6,0,,,0,--
04260000,Community Day Gateway,CharterC,Elementary,Single,,360,50.3,10.3,24.2,--,--,2.5,0.0,78.0,74.0,62.4,59.1,11.1,,68.6,0,,,0,--
04270000,Barnstable Community HMCS,CharterHM,Elementary,Single,,290,41.7,9.3,25.2,--,--,2.6,0.0,64.0,67.0,,,8.3,,92.3,0,,,0,--
04280000,Brooke Charter,CharterC,,Single,,"1853",45.7,10.3,6.9,--,--,5.3,0.0,63.0,71.0,52.6,58.2,8.5,,72.3,0,,,0,--
04290000,KIPP Academy Lynn,CharterC,,Single,,"1456",49.2,12.8,19.0,--,--,7.6,0.0,41.0,44.0,46.0,54.3,6.9,,61.7,0,,,0,--
04300000,Advanced Math and Science Academy,CharterC,,Single,,974,6.6,6.0,4.5,--,--,3.2,0.0,70.0,66.0,53.5,47.4,8.4,,87.4,0,,,0,--
04310000,Community Day Kingman Webster,CharterC,Elementary,Single,,360,49.4,8.6,29.4,--,--,2.8,0.0,75.0,77.0,63.4,69.2,10.8,,60.0,0,,,0,--
04320000,Cape Cod Lighthouse,CharterC,,Single,,242,16.5,15.7,0.4,--,--,5.6,0.0,69.0,56.0,52.0,50.3,8.9,,89.7,0,,,0,--
04350000,Innovation Academy,CharterC,,Single,,797,11.3,19.7,1.8,--,--,2.2,0.0,57.0,53.0,51.6,48.4,8.8,,85.2,0,,,0,--
04360000,Community Charter of Cambridge,CharterC,,Single,,332,32.5,15.1,3.9,--,--,8.1,0.0,53.0,51.0,46.0,49.6,11.1,,63.6,0,,,0,--
04370000,City on a Hill Circuit Street,CharterC,,Single,,271,56.5,20.3,14.0,--,--,9.4,0.0,,,,,8.7,,54.5,0,,,0,--
04380000,Codman Academy,CharterC,,Single,,342,53.8,17.8,5.8,--,--,12.2,0.0,10.0,3.0,48.4,45.0,11.6,,60.0,0,,,0,--
04390000,Conservatory Lab,CharterC,Elementary,Single,,441,48.8,11.1,15.2,--,--,17.9,0.0,41.0,30.0,59.3,58.8,5.7,,66.7,0,,,0,--
04400000,Community Day Prospect,CharterC,Elementary,Single,,399,47.9,13.3,30.8,--,--,1.0,0.0,66.0,67.0,57.5,54.4,10.9,,63.0,0,,,0,--
04410000,Sabis International,CharterC,,Single,,"1577",38.9,12.9,4.8,--,--,8.4,0.0,36.0,23.0,41.2,40.8,4.1,,77.7,0,,,0,--
04440000,Neighborhood House,CharterC,,Single,,646,39.3,17.2,11.5,--,--,16.2,0.0,50.0,31.0,53.1,46.9,10.3,,61.0,0,,,0,--
04450000,Abby Kelley Foster,CharterC,,Single,,"1428",37.7,12.0,9.9,--,--,2.9,0.0,44.0,37.0,48.7,52.9,8.2,,84.7,0,,,0,--
04460000,Foxborough Regional Charter,CharterC,,Single,,"1630",21.4,9.0,9.3,--,--,5.4,0.0,45.0,43.0,41.5,50.8,8.0,,84.3,0,,,0,--
04470000,Benjamin Franklin Classical,CharterC,Elementary,Single,,459,7.4,12.0,5.7,--,--,4.8,0.0,75.0,73.0,45.3,47.2,6.5,,81.8,0,,,0,--
04490000,Boston Collegiate,CharterC,,Single,,693,28.4,18.2,4.0,--,--,8.5,0.0,44.0,43.0,53.5,58.4,8.9,,79.4,0,,,0,--
04500000,Hilltown Cooperative,CharterC,Elementary,Single,,217,15.2,18.9,0.0,--,--,0.5,0.0,60.0,56.0,53.6,49.6,9.0,,82.6,0,,,0,--
04520000,Edward M. Kennedy Academy (HMCS),CharterHM,,Single,,383,55.1,16.7,17.2,--,--,8.3,0.0,,,,,10.4,,82.1,0,,,0,--
04530000,Holyoke Community Charter,CharterC,Elementary,Single,,704,68.0,19.2,15.1,--,--,8.0,0.0,36.0,22.0,54.9,52.7,7.4,,65.4,0,,,0,--
04540000,Lawrence Family Development,CharterC,Elementary,Single,,760,54.7,7.6,28.0,--,--,1.5,0.0,64.0,59.0,49.8,50.4,8.1,,75.0,0,,,0,--
04550000,Hill View Montessori,CharterC,Elementary,Single,,304,16.8,16.4,10.9,--,--,6.2,0.0,45.0,23.0,50.4,42.0,7.2,,68.0,0,,,0,--
04560000,Lowell Community Charter,CharterC,Elementary,Single,,820,46.6,17.1,53.9,--,--,5.1,0.0,53.0,54.0,51.1,53.9,7.8,,78.1,0,,,0,--
04580000,Lowell Middlesex Academy,CharterC,Secondary,Single,,82,58.5,28.0,9.8,--,--,56.9,0.0,,,,,11.0,,91.7,0,,,0,--
04630000,KIPP Academy Boston,CharterC,Elementary,Single,,594,63.3,20.4,27.8,--,--,11.2,0.0,34.0,32.0,62.3,60.9,6.3,,50.9,0,,,0,--
04640000,Marblehead Community,CharterC,Elementary,Single,,226,11.9,25.2,1.3,--,--,5.1,0.0,58.0,60.0,43.0,51.5,10.4,,86.4,0,,,0,--
04660000,Martha's Vineyard Charter,CharterC,K12,Single,,182,29.1,23.1,4.4,--,--,2.2,0.0,43.0,29.0,56.4,42.3,9.2,,95.2,0,,,0,--
04680000,MA Academy for Math and Science,Independent,Secondary,Single,,98,2.0,0.0,0.0,--,--,1.0,0.0,,,,,6.1,,100.0,0,,,0,--
04690000,MATCH,CharterC,K12,Single,,"1218",58.7,22.7,26.8,--,--,9.3,0.0,43.0,39.0,57.9,48.5,8.5,,59.8,0,,,0,--
04700000,Mystic Valley,CharterC,K12,Single,,"1575",19.1,12.4,2.3,--,--,4.2,0.0,61.0,56.0,50.9,46.8,6.4,,54.9,0,,,0,--
04740000,Sizer School,CharterC,Secondary,Single,,369,35.0,24.7,1.4,--,--,16.1,0.0,47.0,23.0,58.4,36.4,10.9,,61.9,0,,,0,--
04780000,Francis W. Parker Charter Essential,CharterC,Secondary,Single,,397,7.1,13.9,0.0,--,--,4.7,0.0,63.0,59.0,42.8,35.6,11.7,,73.5,0,,,0,--
04790000,Pioneer Valley Performing Arts,CharterC,Secondary,Single,,400,24.5,20.5,0.5,--,--,7.7,0.0,62.0,49.0,56.9,51.2,11.8,,74.5,0,,,0,--
04800000,UP Academy Boston,CharterC,Secondary,Single,,517,67.3,19.5,29.4,--,--,22.4,0.0,28.0,34.0,51.7,58.1,8.6,,62.8,0,,,0,--
04810000,Boston Renaissance,CharterC,Elementary,Single,,954,50.4,11.3,12.7,--,--,6.0,0.0,32.0,36.0,41.1,46.8,8.6,,72.0,0,,,0,--
04820000,River Valley Charter,CharterC,Elementary,Single,,288,8.7,16.7,0.0,--,--,2.7,0.0,65.0,50.0,59.6,60.5,7.2,,95.5,0,,,0,--
04830000,Rising Tide Charter,CharterC,Secondary,Single,,656,9.5,14.8,0.0,--,--,3.7,0.0,59.0,59.0,44.8,46.5,7.4,,77.4,0,,,0,--
04840000,Roxbury Preparatory,CharterC,Secondary,Single,,"1518",55.8,15.3,20.8,--,--,15.8,0.0,39.0,45.0,53.3,60.9,8.1,,56.1,0,,,0,--
04850000,Salem Academy,CharterC,Secondary,Single,,491,30.1,13.4,4.7,--,--,3.7,0.0,56.0,54.0,56.9,55.3,9.4,,78.0,0,,,0,--
04860000,Seven Hills,CharterC,Elementary,Single,,670,60.1,14.2,26.3,--,--,11.3,0.0,24.0,18.0,52.7,54.6,5.1,,65.8,0,,,0,--
04870000,Prospect Hill Academy,CharterC,K12,Single,,"1125",39.1,14.9,14.0,--,--,6.4,0.0,39.0,34.0,45.9,49.4,9.3,,67.8,0,,,0,--
04880000,South Shore Charter,CharterC,K12,Single,,940,19.6,16.7,12.2,--,--,9.6,0.0,47.0,32.0,44.9,36.0,9.4,,90.5,0,,,0,--
04890000,Sturgis Charter,CharterC,Secondary,Single,,836,12.2,13.8,0.5,--,--,7.2,0.0,,,,,10.5,,80.4,0,,,0,--
04910000,Atlantis Charter,CharterC,K12,Single,,"1294",41.6,13.8,10.5,--,--,6.2,0.0,45.0,40.0,46.0,39.5,7.0,,67.8,0,,,0,--
04920000,Martin Luther King Jr. Charter of Excellence,CharterC,Elementary,Single,,372,72.8,18.8,24.2,--,--,9.0,0.0,47.0,62.0,50.6,67.8,9.6,,75.7,0,,,0,--
04930000,Phoenix Charter Academy,CharterC,Secondary,Single,,201,45.8,10.9,58.7,--,--,52.4,0.0,,,,,7.0,,68.8,0,,,0,--
04940000,Pioneer Charter School of Science,CharterC,K12,Single,,789,39.9,9.8,27.1,--,--,15.2,0.0,61.0,62.0,53.5,53.1,9.7,,65.3,0,,,0,--
04960000,Global Learning,CharterC,Secondary,Single,,505,53.5,14.3,9.9,--,--,5.8,0.0,30.0,33.0,45.3,43.6,8.8,,71.1,0,,,0,--
04970000,Pioneer Valley Chinese Immersion,CharterC,K12,Single,,529,15.7,5.5,3.2,--,--,0.8,0.0,72.0,67.0,61.4,51.8,12.9,,72.1,0,,,0,--
04980000,Veritas Preparatory,CharterC,Secondary,Single,,347,71.5,17.9,11.8,--,--,12.6,0.0,54.0,53.0,57.5,58.8,8.4,,54.8,0,,,0,--
04990000,Hampden Charter School of Science,CharterC,Secondary,Single,,508,43.1,9.4,3.7,--,--,7.5,0.0,48.0,50.0,45.3,42.0,8.2,,70.8,0,,,0,--
06950000,Lincoln-Sudbury,Regional,Secondary,Single,Middlesex,"1528",6.3,19.9,0.5,-6.9,-6.7,2.0,0.0,,,,,8.3,"102,175",91.5,"18,876","1839",158.09,132,"1922"
06030000,Adams-Cheshire,Regional,K12,,Berkshire,"1161",49.4,24.0,0.6,-16.5,-26.8,11.4,3.4,40.0,24.0,51.7,41.2,6.9,"82,426",85.1,"15,722","7462",105.78,37,"7647"
06050000,Amherst-Pelham,Regional,Secondary,,Hampshire,"1340",24.6,21.7,6.2,-9.3,-22.6,7.3,7.6,57.0,54.0,49.7,42.3,8.5,"84,610",87.5,"21,864","6360",135.79,74,"6643"
06100000,Ashburnham-Westminster,Regional,K12,,Worcester,"2354",15.8,18.2,1.3,2.5,-3.0,4.6,5.9,53.0,49.0,52.5,48.7,6.8,"69,127",94.0,"12,389","4865",109.83,52,"4982"
06150000,Athol-Royalston,Regional,K12,,Worcester,"1453",48.7,26.0,2.0,1.1,-14.3,17.8,3.9,36.0,33.0,54.7,52.0,7.3,"64,604",77.3,"14,438","10017",104.46,32,"9995"
08170000,Essex North Shore Ag/Tech,RegionalVoc,Voc/Ag,,Essex,"1413",17.2,17.7,0.1,--,--,2.5,0.0,,,,,8.6,"75,202",80.8,"18,648","3833",105.51,88,"3887"
06180000,Berkshire Hills,Regional,K12,,Berkshire,"1203",29.0,18.3,3.2,-13.1,-12.6,6.9,18.5,47.0,38.0,47.4,50.5,9.2,"73,632",90.3,"20,978","2661",165.95,131,"2757"
06200000,Berlin-Boylston,Regional,Secondary,Single,Worcester,583,12.2,18.4,1.7,7.6,25.1,3.8,13.4,53.0,54.0,46.0,52.0,8.2,"58,750",93.6,"14,169","2052",144.79,103,"2033"
06220000,Blackstone-Millville,Regional,K12,,Worcester,"1699",22.0,17.0,2.4,-7.9,-20.8,5.1,2.6,44.0,41.0,42.2,49.3,7.1,"68,954",85.5,"13,509","6102",109.79,47,"6230"
06250000,Bridgewater-Raynham,Regional,K12,,Bristol,"5375",16.1,16.2,1.5,-0.5,-8.3,5.9,0.7,57.0,58.0,49.2,53.8,6.1,"88,305",93.3,"12,832","3881",115.96,61,"3959"
06320000,Chesterfield-Goshen,Regional,Elementary,Single,Hampshire,129,24.0,28.7,0.0,-17.3,-28.3,6.3,14.7,55.0,43.0,61.3,66.0,10.0,"72,256",88.2,"18,016","6105",141.06,63,"5988"
06350000,Central Berkshire,Regional,K12,,Berkshire,"1579",30.5,15.4,0.3,-9.0,-22.6,6.3,12.2,40.0,39.0,43.9,47.0,7.7,"73,632",92.2,"16,519","5347",127.91,68,"5420"
01050000,Georgetown,Municipal,K12,,Essex,"1404",8.8,11.2,0.2,-6.8,-17.5,8.4,3.2,60.0,53.0,49.3,43.2,6.9,"81,688",90.2,"13,761","4045",115.56,73,"4117"
06450000,Dennis-Yarmouth,Regional,K12,,Barnstable,"3025",39.9,19.5,9.5,-0.6,-12.6,12.2,4.2,36.0,38.0,45.9,47.8,8.9,"74,673",89.3,"16,761","2090",136.76,152,"2113"
06500000,Dighton-Rehoboth,Regional,K12,,Bristol,"2902",15.8,15.8,0.2,-3.4,-12.5,4.7,0.8,54.0,49.0,50.4,48.7,7.9,"72,299",90.6,"14,104","4443",116.32,64,"4450"
06550000,Dover-Sherborn,Regional,Secondary,,Norfolk,"1196",3.8,17.5,0.3,2.3,7.7,2.3,0.0,82.0,75.0,58.1,51.4,8.9,"94,331",94.7,"20,574","1697",171.52,235,"1785"
06580000,Dudley-Charlton,Regional,K12,,Worcester,"3800",21.0,14.9,2.4,-6.0,-13.2,5.8,3.9,54.0,48.0,45.6,42.2,6.9,"70,594",91.2,"11,920","6382",102.26,46,"6475"
06600000,Nauset,Regional,Secondary,,Barnstable,"1508",18.6,16.1,1.0,-4.8,-0.7,5.6,21.2,61.0,57.0,48.6,50.2,9.1,"84,750",94.2,"20,133","2922",172.01,247,"3036"
06620000,Farmington River,Regional,Elementary,Single,Berkshire,115,40.9,23.9,0.0,-11.5,-20.7,10.0,13.0,45.0,42.0,42.6,44.2,11.1,"53,966",75.0,"27,358","1824",153.69,170,"2070"
06650000,Freetown-Lakeville,Regional,K12,,Bristol,"2801",17.2,15.4,0.6,-5.7,43.7,5.9,2.5,55.0,57.0,50.1,52.1,7.0,"75,616",93.3,"12,843","3922",114.19,66,"3888"
06700000,Frontier,Regional,Secondary,Single,Franklin,647,17.8,20.2,0.8,4.5,-7.7,5.8,26.5,40.0,48.0,41.0,47.4,8.1,"41,691",89.5,"8,534","5120",141.26,82,"5015"
06720000,Gateway,Regional,K12,,Hampshire,825,31.0,19.9,2.7,-16.6,-32.4,9.8,5.3,47.0,40.0,47.0,48.1,9.8,"61,874",96.3,"18,040","6371",108.82,59,"6497"
06980000,Manchester Essex,Regional,K12,,Essex,"1387",7.8,9.0,0.4,-9.5,0.4,2.2,3.7,72.0,66.0,56.5,48.5,9.2,0,89.0,0,"2196",160.03,175,"2235"
06740000,Gill-Montague,Regional,K12,,Franklin,935,47.4,24.2,4.8,-7.4,-13.6,9.0,11.0,35.0,23.0,49.9,50.8,9.5,"61,785",82.6,"18,192","5737",137.36,52,"5658"
01740000,Maynard,Municipal,K12,,Middlesex,"1350",17.7,17.0,4.9,-4.8,1.9,6.4,2.7,45.0,40.0,41.8,48.1,7.5,"83,703",88.8,"16,228","3499",144.07,66,"3826"
06800000,Hampden-Wilbraham,Regional,K12,,Hampden,"3057",15.0,13.8,0.9,-8.6,-15.7,4.7,4.0,59.0,51.0,48.0,47.6,7.1,"78,733",89.5,"14,946","3893",122.43,70,"3988"
06830000,Hampshire,Regional,Secondary,Single,Hampshire,719,14.7,21.0,1.3,-4.9,-15.3,3.8,18.1,53.0,44.0,48.3,40.8,10.0,"69,526",96.0,"18,708","4590",135.07,66,"4775"
06850000,Hawlemont,Regional,Elementary,Single,Franklin,151,46.4,22.4,0.0,54.1,26.9,10.0,23.2,39.0,30.0,36.2,38.4,6.6,"69,289",53.8,"14,410","7584",139.12,55,"5977"
06900000,King Philip,Regional,Secondary,,Norfolk,"2024",8.8,16.4,0.7,-4.7,-2.8,3.1,0.0,64.0,59.0,43.5,37.9,6.4,"75,771",88.1,"13,986","3431",113.40,83,"3515"
08710000,Shawsheen Valley RVT,RegionalVoc,Voc/Ag,,Middlesex,"1294",14.9,24.8,0.1,-5.7,2.1,2.7,0.0,,,,,9.7,"93,081",94.5,"23,427","4727",117.73,77,"4810"
06400000,Concord-Carlisle,Regional,Secondary,Single,Middlesex,"1274",5.8,18.1,0.5,3.7,0.5,1.8,0.0,,,,,8.0,"102,630",93.2,"20,294","1839",171.68,178,"1947"
07000000,Martha's Vineyard,Regional,Secondary,Single,Dukes,642,24.1,20.2,10.1,-6.6,-9.4,8.3,0.0,,,,,11.3,"101,006",89.6,"30,856","4027",184.52,311,"4230"
08530000,Northeast Metropolitan RVT,RegionalVoc,Voc/Ag,,Middlesex,"1249",33.5,23.0,3.4,-1.0,0.3,4.8,0.0,,,,,9.2,"88,715",89.2,"21,871","7416",103.77,60,"7858"
07100000,Mendon-Upton,Regional,K12,,Worcester,"2302",9.1,15.2,1.7,-5.0,-20.3,4.0,7.2,57.0,53.0,38.9,40.8,6.9,"80,688",90.9,"15,324","5748",116.75,72,"5693"
07120000,Monomoy,Regional,K12,,Barnstable,"1891",25.3,15.7,4.2,1.2,--,8.0,13.5,55.0,50.0,53.1,59.3,9.4,"75,184",91.8,"18,520","1768",168.11,256,"1893"
07150000,Mount Greylock,Regional,K12,Single,Berkshire,"1196",17.9,15.2,0.3,105.9,83.7,3.7,8.2,75.0,64.0,62.5,36.7,8.7,"79,388",84.0,"19,306","3496",185.61,86,"3288"
07170000,Mohawk Trail,Regional,K12,,Franklin,904,34.6,21.9,0.3,-5.7,-21.9,7.8,7.6,47.0,39.0,45.6,42.2,9.6,"76,502",81.7,"19,880","6426",120.11,64,"6568"
07200000,Narragansett,Regional,K12,,Worcester,"1426",28.5,18.2,0.4,5.9,-13.2,4.4,17.0,41.0,38.0,49.1,47.9,7.0,"72,942",93.9,"12,651","7572",106.65,40,"7655"
07250000,Nashoba,Regional,K12,,Worcester,"3228",7.8,16.2,2.1,-6.0,-3.9,5.3,2.0,73.0,72.0,56.1,55.0,8.1,"80,165",91.0,"16,171","2139",121.27,83,"2210"
07280000,New Salem-Wendell,Regional,Elementary,Single,Franklin,149,29.5,17.4,0.0,8.0,0.0,5.6,26.8,51.0,39.0,56.4,59.5,8.9,"61,583",75.0,"17,997","5073",144.90,52,"5755"
07300000,Northboro-Southboro,Regional,Secondary,Single,Worcester,"1450",6.1,13.9,1.9,-1.4,2.8,3.0,0.0,,,,,7.9,"87,547",90.7,"16,564","2090",126.41,106,"2071"
08850000,Whittier RVT,RegionalVoc,Voc/Ag,,Essex,"1246",28.2,22.8,1.1,-3.0,5.8,2.9,0.2,,,,,9.1,"85,135",90.6,"20,626","7507",106.65,57,"7803"
07400000,Old Rochester,Regional,Secondary,,Plymouth,"1212",12.0,11.8,0.1,-0.9,6.2,3.8,9.7,66.0,66.0,47.2,49.7,7.4,"83,437",91.4,"15,565","2458",141.20,102,"2611"
01570000,Lincoln,Municipal,Elementary,,Middlesex,"1192",5.6,20.8,5.0,-4.9,5.9,18.2,0.0,57.0,59.0,53.1,50.5,9.9,"87,491",88.9,"22,269","1611",211.97,256,"1729"
07500000,Pioneer Valley,Regional,K12,,Franklin,743,21.7,19.5,0.1,-25.2,-35.4,5.9,15.7,50.0,46.0,52.9,55.0,8.2,"62,452",74.7,"18,691","5703",164.72,64,"5912"
07530000,Quabbin,Regional,K12,,Worcester,"2118",23.3,20.6,0.2,-14.8,-32.2,7.8,13.7,48.0,46.0,55.4,50.7,6.5,"70,956",84.5,"15,121","7968",110.49,47,"8006"
07550000,Ralph C Mahar,Regional,Secondary,,Franklin,731,38.0,18.6,0.8,-10.7,-4.4,11.2,30.3,40.0,43.0,54.7,61.6,7.9,"65,555",84.4,"15,818","8469",130.17,35,"8621"
07600000,Silver Lake,Regional,Secondary,,Plymouth,"1755",15.9,16.0,0.5,-7.3,-6.8,5.5,0.0,61.0,63.0,58.2,51.3,8.0,"84,466",93.0,"15,532","4384",119.01,60,"4483"
07630000,Somerset Berkley,Regional,HS,Single,Bristol,"1037",12.6,14.8,0.2,8.8,--,4.3,6.5,,,,,7.7,"74,121",90.4,"14,905","4960",129.69,54,"5257"
07650000,Southern Berkshire,Regional,K12,,Berkshire,688,34.7,19.6,1.6,-9.5,-22.3,8.0,16.3,49.0,41.0,49.9,49.4,10.3,"66,601",84.6,"24,135","2942",168.31,171,"3054"
07660000,Southwick-Tolland-Granville,Regional,K12,,Hampden,"1511",22.8,16.6,3.3,-11.6,-17.4,5.4,8.7,45.0,38.0,44.4,43.9,8.5,"66,809",92.6,"14,397","6577",102.50,70,"6752"
07670000,Spencer-E Brookfield,Regional,K12,,Worcester,"1379",35.1,23.5,3.7,-25.2,-34.2,14.3,4.5,41.0,36.0,49.1,50.5,8.2,"65,023",88.5,"15,781","8544",101.68,46,"8704"
07700000,Tantasqua,Regional,Secondary,,Worcester,"1812",19.4,10.8,0.2,1.9,0.7,5.4,10.2,41.0,56.0,41.8,46.0,7.7,"78,956",91.5,"14,617","5322",110.37,53,"5510"
08010000,Assabet Valley RVT,RegionalVoc,Voc/Ag,,Middlesex,"1134",25.0,27.8,3.8,10.5,21.5,3.6,0.0,,,,,9.6,"71,113",93.8,"19,781","6408",105.00,65,"6850"
07740000,Up-Island Regional,Regional,Elementary,,Dukes,416,22.4,22.1,6.0,22.4,23.1,12.8,12.0,63.0,62.0,58.9,59.7,11.6,"89,092",85.7,"27,029","2179",284.24,432,"2150"
07750000,Wachusett,Regional,K12,,Worcester,"7103",10.3,15.1,1.7,-3.8,-3.2,4.2,1.3,67.0,64.0,49.2,49.1,6.5,"74,636",92.9,"12,280","3799",116.61,60,"3981"
07780000,Quaboag,Regional,K12,,Worcester,"1303",35.7,17.2,0.9,-5.7,-9.1,8.6,11.8,44.0,45.0,44.5,53.9,7.8,"65,396",84.9,"13,772","6951",103.44,36,"7429"
07800000,Whitman-Hanson,Regional,K12,,Plymouth,"3822",20.2,15.1,1.2,-8.2,-14.4,5.8,1.5,52.0,44.0,52.1,45.8,6.3,"82,500",89.5,"12,740","6361",104.23,49,"6524"
02520000,Rockport,Municipal,K12,,Essex,888,19.4,18.6,1.4,-8.3,-11.5,2.7,28.0,55.0,46.0,47.8,50.1,10.4,"77,009",81.5,"18,387","1988",192.51,152,"2157"
08050000,Blackstone Valley RVT,RegionalVoc,Voc/Ag,,Worcester,"1230",9.8,9.5,0.2,5.7,11.5,1.4,0.0,,,,,8.2,"76,677",90.0,"19,261","6675",105.38,59,"6635"
08060000,Blue Hills RVT,RegionalVoc,Voc/Ag,,Norfolk,856,23.5,24.9,0.7,1.7,1.4,2.3,0.0,,,,,9.6,"81,164",90.2,"22,788","5375",116.50,74,"5623"
08100000,Bristol-Plymouth RVT,RegionalVoc,Voc/Ag,,Bristol,"1288",24.7,16.6,0.2,0.1,7.8,4.2,0.0,,,,,7.6,"90,893",92.7,"18,753","8204",101.77,48,"8520"
08150000,Cape Cod RVT,RegionalVoc,Voc/Ag,,Barnstable,571,39.1,32.0,2.6,-12.7,-18.8,9.3,0.0,,,,,11.2,"79,080",85.5,"26,771","3450",128.16,165,"3666"
08290000,South Middlesex RVT,RegionalVoc,Voc/Ag,,Middlesex,750,40.8,41.6,13.2,8.5,18.5,7.4,0.0,,,,,10.7,"82,388",90.1,"26,677","6156",133.32,68,"6599"
08180000,Franklin County RVT,RegionalVoc,Voc/Ag,,Franklin,494,34.6,33.0,0.0,-5.5,-4.4,6.1,0.0,,,,,9.8,"77,752",83.3,"25,974","7982",115.28,58,"7851"
08210000,Greater Fall River RVT,RegionalVoc,Voc/Ag,,Bristol,"1413",35.5,11.3,1.6,0.4,4.4,3.7,0.0,,,,,9.0,"88,863",97.1,"19,834","11019",98.82,38,"11227"
00380000,Boxford,Municipal,Elementary,,Essex,718,4.0,18.3,0.7,-3.9,-23.5,2.6,0.0,71.0,67.0,51.6,56.3,8.5,"85,202",90.3,"17,889","2308",167.89,138,"2453"
08250000,Greater New Bedford RVT,RegionalVoc,Voc/Ag,,Bristol,"2139",37.9,10.8,3.3,-0.4,3.6,2.8,0.0,,,,,9.1,"81,507",93.0,"19,818","11531",107.16,34,"11834"
01840000,Middleton,Municipal,Elementary,,Essex,700,7.6,16.7,1.0,-9.6,-20.5,4.4,0.0,66.0,61.0,52.1,51.1,9.5,"84,743",91.7,"17,599","2442",149.80,97,"2521"
08520000,Nashoba Valley RVT,RegionalVoc,Voc/Ag,,Middlesex,684,18.1,36.7,0.7,-3.8,6.5,5.1,8.9,,,,,9.7,"79,705",87.5,"20,508","5450",108.30,68,"5637"
02980000,Topsfield,Municipal,Elementary,,Essex,641,3.6,17.2,0.3,6.5,-5.3,2.9,0.0,69.0,61.0,48.5,52.6,8.5,"75,408",92.3,"15,127","2009",168.41,107,"2036"
08320000,Montachusett RVT,RegionalVoc,Voc/Ag,,Worcester,"1422",23.8,14.8,0.6,-0.8,6.0,4.9,1.3,,,,,8.0,"79,202",96.5,"19,393","9455",99.89,41,"9908"
08510000,Northern Berkshire RVT,RegionalVoc,Voc/Ag,,Berkshire,496,31.9,17.3,0.0,-1.8,-0.8,5.0,0.0,,,,,8.1,"76,234",85.1,"21,642","10263",105.05,39,"10570"
00510000,Carlisle,Municipal,Elementary,Single,Middlesex,600,3.2,15.6,2.3,-6.3,-16.7,4.0,0.0,79.0,80.0,55.4,56.9,9.4,"100,691",94.8,"19,308","1654",208.27,159,"1673"
08300000,Minuteman RVT,RegionalVoc,Voc/Ag,,Middlesex,515,21.2,46.8,2.1,-28.0,-17.6,6.2,0.0,,,,,13.7,"96,788",92.0,"35,151","5997",113.08,113,"6097"
08550000,Old Colony RVT,RegionalVoc,Voc/Ag,,Bristol,550,16.5,24.9,0.2,-5.0,-3.8,5.3,0.0,,,,,10.2,"74,812",91.4,"22,283","7091",102.62,64,"7152"
08600000,Pathfinder RVT,RegionalVoc,Voc/Ag,,Hampden,648,37.3,29.2,0.0,6.1,4.2,5.8,4.8,,,,,11.5,"73,685",80.0,"23,311","9428",121.19,43,"9528"
02690000,Sherborn,Municipal,Elementary,Single,Middlesex,413,4.8,15.6,2.4,7.3,-15.0,2.5,0.0,76.0,80.0,59.9,61.9,7.9,"90,800",97.1,"17,317","1597",204.68,182,"1688"
08720000,Southeastern RVT,RegionalVoc,Voc/Ag,,Bristol,"1444",32.8,14.5,1.0,12.8,15.4,4.3,0.0,,,,,8.1,"80,261",92.4,"20,413","10331",100.15,38,"10673"
08730000,South Shore RVT,RegionalVoc,Voc/Ag,,Plymouth,645,23.3,29.8,0.5,7.5,10.4,3.4,0.0,,,,,9.8,"78,083",89.4,"21,142","6947",116.79,61,"7154"
08760000,Southern Worcester County RVT,RegionalVoc,Voc/Ag,,Worcester,"1131",23.2,15.4,0.5,2.4,3.1,3.1,0.0,,,,,9.9,"75,373",91.1,"19,464","9017",100.36,44,"9154"
08780000,Tri-County RVT,RegionalVoc,Voc/Ag,,Norfolk,"1024",19.3,31.6,0.1,-1.3,11.8,4.0,0.0,,,,,8.5,"87,072",89.1,"19,868","5877",101.65,69,"6063"
08790000,Upper Cape Cod RVT,RegionalVoc,Voc/Ag,,Barnstable,703,24.2,21.5,0.0,3.8,8.5,4.3,0.0,,,,,10.3,"72,999",93.2,"21,500","4095",107.73,96,"4241"
01960000,Nahant,Municipal,Elementary,Single,Essex,151,17.2,24.5,0.0,-16.1,-38.6,10.9,0.0,55.0,53.0,37.5,44.4,6.6,"74,501",84.6,"18,006","1881",148.22,240,"1984"
09100000,Bristol County Agricultural,CountyAg,Voc/Ag,,Bristol,454,23.8,13.2,0.0,0.7,5.8,0.9,0.0,,,,,7.6,"70,003",91.7,"21,529","7349",107.65,57,"7814"
09150000,Norfolk County Agr,CountyAg,Voc/Ag,,Norfolk,557,13.5,20.1,0.2,17.0,22.7,3.1,0.0,,,,,10.0,"71,071",91.2,"23,164","4392",118.57,86,"4453"
35010000,Paulo Freire Social Justice,CharterC,Secondary,Single,,275,79.6,24.0,10.9,--,--,20.6,0.0,,,,,8.9,,47.4,0,,,0,--
35020000,Baystate Academy,CharterC,Secondary,Single,,500,69.8,20.2,13.0,--,--,9.2,0.0,19.0,19.0,33.3,32.3,11.7,,61.5,0,,,0,--
35030000,Collegiate Charter of Lowell,CharterC,Secondary,Single,,846,40.4,9.0,22.6,--,--,11.5,0.0,36.0,28.0,41.3,44.4,5.1,,65.0,0,,,0,--
35040000,City on a Hill Dudley Square,CharterC,Secondary,Single,,245,55.9,24.5,22.0,--,--,13.3,0.0,,,,,10.0,,45.9,0,,,0,--
35050000,UP Academy Dorchester,CharterC,Elementary,Single,,724,63.3,16.4,30.9,--,--,14.0,0.0,29.0,23.0,44.8,39.7,7.6,,59.6,0,,,0,--
35060000,Pioneer Charter School of Science II,CharterC,Secondary,Single,,362,23.2,12.2,24.0,--,--,12.7,0.0,69.0,79.0,60.1,75.0,9.8,,68.6,0,,,0,--
35070000,City on a Hill New Bedford,CharterC,Secondary,Single,,217,67.3,31.8,21.2,--,--,10.4,0.0,,,,,9.2,,30.0,0,,,0,--
35080000,Phoenix Academy Springfield,CharterC,Secondary,Single,,198,86.4,32.3,18.7,--,--,60.2,0.0,,,,,6.2,,56.3,0,,,0,--
35090000,Argosy Collegiate,CharterC,Secondary,Single,,466,56.0,21.0,34.1,--,--,11.2,0.0,26.0,31.0,39.0,44.8,8.4,,57.9,0,,,0,--
35100000,Springfield Preparatory,CharterC,Elementary,Single,,271,72.7,17.0,21.0,--,--,11.2,0.0,72.0,77.0,,,8.7,,75.0,0,,,0,--
35110000,Bentley Academy,CharterC,Elementary,Single,,339,67.0,13.9,23.9,--,--,17.8,0.0,33.0,31.0,38.5,43.8,8.7,,89.7,0,,,0,--
35130000,New Heights Charter Brockton,CharterC,Secondary,Single,,532,40.0,10.2,10.7,--,--,24.7,0.0,32.0,21.0,50.9,46.8,6.3,,46.9,0,,,0,--
35140000,Libertas Academy,CharterC,Secondary,Single,,178,82.6,25.8,24.7,--,--,20.0,0.0,10.0,24.0,30.0,43.2,8.1,,75.0,0,,,0,--
35150000,Old Sturbridge Academy,CharterC,Elementary,Single,,200,31.0,14.0,6.5,--,--,4.9,0.0,54.0,38.0,,,6.8,,75.0,0,,,0,--
35160000,Hampden Charter School of Science West,CharterC,Secondary,Single,,209,44.0,17.2,12.4,--,--,--,0.0,,,,,9.6,,--,0,,,0,--
35170000,Map Academy Charter School,CharterC,Secondary,Single,,130,50.0,37.7,0.0,--,--,--,0.0,,,,,7.1,,--,0,,,0,--
35180000,Phoenix Academy Lawrence,CharterC,Secondary,Single,,119,60.5,27.7,26.9,--,--,--,0.0,,,,,11.2,,--,0,,,0,--
39010000,MA Virtual Academy Greenfield,Virtual,K12,Single,,590,48.5,21.2,0.2,--,--,41.5,100.0,26.0,19.0,43.2,42.9,6.4,,87.9,0,,,0,--
39020000,TEC Connections Academy Virtual,Virtual,K12,Single,,"2143",46.5,19.4,1.4,--,--,55.8,100.0,28.0,21.0,39.2,34.9,3.8,,75.0,0,,,0,--
